ticker,name,market_cap,gross_margin,gm_stability,rev_stability,net_cash,net_cash_to_mcap,debt_to_ebitda,debt_to_ebitda_inv,interest_coverage,survival_months,fcf_positive_years,fcf_margin,capex_intensity_inv,fcf_conversion,toll_margin_flag,revenue_cagr,share_count_change,sector,norm_earnings_yield,ni_max_drawdown,price_drawdown_52w,eliminated_reason,stress_haircut,stressed_earnings_yield,implied_haircut_gap,P1_resilience,P2_survival,P3_offense,P4_toll_model,P5_secular,P6_valuation,composite_score,crisis_sector_penalty,data_coverage,buy_score,playbook,generated_at
3968.HK,CM BANK,1316476026880.0,,,68.15466617359199,813523009536.0,0.6179550503961851,,,,139.14522115002742,4,1.2748216431417307,0.9152530122658925,2.8187054287826023,,-0.01003338457672287,0.0,Financial Services,0.11074755409373642,0.0,0.027932960496998893,,0.31,0.07667172907331776,0.28,99.43820224719101,93.46134496059031,80.02479442596196,57.21763458327692,21.910112359550567,96.43258426966293,78.2010385381613,0.0,0.69,0.0,generic,2026-10-09 01:34 UTC
AMP,"Ameriprise Financial, Inc.",44118671360.0,,,37.463106588167875,5996999680.0,0.135928836819804,,,14.815950920245399,,4,0.4416125541125541,0.9912337662337662,2.2904855458882962,,0.09030445218644934,-0.046503566641699745,Financial Services,0.07178933323163429,0.18831375039695142,0.14039390927571183,,0.34,0.04747650078845084,0.198,88.76404494382022,61.65912738946445,74.96861465068105,88.88091692613149,68.98876404494384,81.99438202247191,76.55821263814305,0.0,0.69,0.0,generic,2026-10-09 01:34 UTC
RJF,"Raymond James Financial, Inc.",30508568576.0,,,33.44526890635913,9936000000.0,0.32567899654972,,,,,2,0.16225978904782545,0.9864181476665221,1.051990632318501,,0.08453363915489276,-0.027039680516184883,Financial Services,0.0610566174338759,0.0,0.12462737324795103,,0.36,0.03932331587761959,0.231,85.95505617977528,92.13483146067416,25.81915761722428,67.89946302062182,61.23595505617978,73.56741573033707,72.58059551620582,0.0,0.62,0.0,generic,2026-10-09 01:34 UTC
HIG,"The Hartford Insurance Group, I",35072503808.0,,,33.0613430763807,-392999936.0,-0.011205357283626758,0.7848192088179125,0.9663523748677927,24.91959798994975,,4,0.20494460475223542,0.9939795518506643,1.4997393117831075,,0.08703196529784973,-0.04214761668948841,Financial Services,0.08033358597447302,0.0,0.11120262055679919,,0.36,0.051573298363012804,0.247,84.8314606741573,53.34125144518402,57.833783190006905,86.00469292901943,66.29213483146069,87.24719101123594,71.38989053280828,0.0,0.75,0.0,generic,2026-10-09 01:34 UTC
ABNB,"Airbnb, Inc.",97739784192.0,0.8295890858589985,73.53702341038205,22.951591402910342,9573000192.0,0.09794374185638471,0.9040203034615355,0.8665358806950408,30.650602409638555,19.02877444540796,4,0.37954415488930643,0.9979576831958173,1.8502588610115491,1.0,0.13378255972989694,-0.015560470898908996,Consumer Cyclical,0.03029472619034448,0.44741235392320533,0.15679787463090555,,0.38,0.018766833214387168,0.224,85.5661867977528,60.18408076076196,73.5641202686586,93.3393942694937,69.10112359550563,38.0056179775281,70.51326599828846,0.0,1.0,0.0,generic,2026-10-09 01:34 UTC
INCY,Incyte Corporation,22854170624.0,0.9276244922919403,67.02929313782421,16.542402565438348,4497472904.0,0.19679002918080254,0.019701768349421916,3.7077991965718726,686.5234761120264,15.88537279532284,4,0.25862058234177654,0.9836874047166035,1.0334053549916449,1.0,0.14839595478338863,-0.03775152754978628,Healthcare,0.02469487995365375,0.9454232687805703,0.13222499533768983,,0.47,0.013183182371891628,0.334,83.1495786516854,78.26355955800027,66.26074948214173,70.8756065342832,80.67415730337079,26.853932584269668,69.97889446435097,0.0,1.0,0.0,generic,2026-10-09 01:34 UTC
STT,State Street Corporation,48097529856.0,,,18.082559451398154,110770003968.0,2.3030289559492174,,,,,2,0.7764411027568923,0.924453992123165,3.0,,0.04822150244182688,-0.07183899295481366,Financial Services,0.05379694150087873,0.29920692141312183,0.09868217188830775,,0.36,0.03417386247067252,0.266,55.61797752808989,99.43820224719101,52.78544975205575,61.03966427507784,59.55056179775281,64.7752808988764,69.74779803414272,0.0,0.62,0.0,generic,2026-10-09 01:34 UTC
BNY,The Bank of New York Mellon Cor,97439981568.0,,,45.041973216844866,131486007296.0,1.349405092038533,,,,,3,0.2620071865985121,0.9214029050053141,0.9329608938547486,,0.06874757353828742,-0.052245668434723,Financial Services,0.04088927292355376,0.0,0.1341907037649147,,0.32,0.02769682300453399,0.188,93.82022471910112,98.31460674157304,44.195279643462435,33.27512296376518,63.59550561797753,52.19101123595507,69.14183209518761,0.0,0.62,0.0,generic,2026-10-09 01:34 UTC
9999.HK,NTES,595507281920.0,0.6428532671912397,21.66015312862207,28.458404072695064,162788646912.0,0.27336130363871675,0.2911764229978646,1.8478262494520126,,57.55773643630222,4,0.43229288470270405,0.9817762460072761,1.4421689405742926,0.8095108906374656,0.05287421068252862,-0.0032691563527539325,Communication Services,0.04752736214870029,0.0,0.2262894978271458,,0.32,0.032470127311730324,0.091,59.940308988764045,83.54362390921169,74.68771577427657,75.38774832475971,40.337078651685395,58.87640449438203,68.37273668730653,0.0,0.94,1.7,generic,2026-10-09 01:34 UTC
ACGL,Arch Capital Group Ltd.,32763281408.0,,,9.357231347891421,177999872.0,0.0054329073386567665,0.7701707062223224,0.9802281068263425,34.641891891891895,,4,0.31751295336787566,0.997720207253886,1.393043873607638,,0.2596165530127874,-0.01031816774943406,Financial Services,0.11163411730507942,0.029484582489309026,0.11410594611976732,,0.34,0.07332583380489122,0.229,28.651685393258425,60.92334631660473,71.31692925742263,87.44145119805063,78.08988764044943,96.06741573033707,67.76365016460738,0.0,0.75,0.0,generic,2026-10-09 01:34 UTC
VEEV,Veeva Systems Inc.,46118117376.0,0.7552604425672493,35.8852336030953,24.352367383974023,7091252064.0,0.1537628261402168,0.14106688027356412,2.557107365626225,,58.06268249201863,4,0.4429068093841257,,1.5570642068596752,1.0,0.14029684526801778,0.011523059971239702,Healthcare,0.014291861582862544,0.0,0.04767639409773117,,0.32,0.00973041814209301,0.271,70.24929775280899,82.48650672933752,75.24951352708555,86.42504974250936,49.7752808988764,16.09550561797753,67.56813042753095,0.0,0.88,0.0,generic,2026-10-09 01:34 UTC
3692.HK,HANSOH PHARMA,193037303808.0,0.9003304027781142,67.02597970445409,12.909674895683578,33149349632.0,0.17172509653870435,0.672639726526853,1.083846675196134,2072.657495256167,56.19061189583898,4,0.4158005243964663,0.9674307660654641,1.1248004441035586,1.0,0.17003462516105583,0.007489049479257881,Healthcare,0.020447519324689304,0.0,0.26568266364400006,,0.33,0.013671055911168288,0.066,79.73753511235955,82.51396431842515,73.84501914506309,66.5961290738798,56.74157303370786,25.140449438202246,67.55747940791669,0.0,1.0,6.7,generic,2026-10-09 01:34 UTC
WRB,W.R. Berkley Corporation,26746943488.0,,,27.229782627451208,795731968.0,0.02975038880076165,1.2025466996623546,0.688446023960848,18.972315039561202,,4,0.233104983999153,0.9883882690054885,1.9178466036080641,,0.09281781410527334,-0.016798070014973576,Financial Services,0.05886596914172237,0.0,0.08169763073555003,,0.34,0.03899745033779346,0.256,74.15730337078652,52.3308854067281,62.328165212478815,86.60620008122378,59.88764044943821,71.68539325842698,67.05176748420399,0.0,0.75,0.0,generic,2026-10-09 01:34 UTC
2331.HK,LI NING,30940221440.0,0.48951391555838947,70.66108217992488,38.090561809815284,13239830656.0,0.427916480225424,0.406967484283781,1.522145348015495,33.512906680740095,17.331527960128298,4,0.12045444862811414,0.9565425745572812,1.2144322578645337,0.29837971852796485,0.04680055752096335,-0.01094534413830428,Consumer Cyclical,0.1066524768220922,0.21578735745603783,0.4795652057813562,,0.4,0.06441288481746701,-0.084,79.07566713483146,69.82041436678365,46.87872701023162,55.592023994855836,43.82022471910113,94.18539325842697,66.21967161349073,0.0,1.0,31.5,generic,2026-10-09 01:34 UTC
SYF,Synchrony Financial,23986339840.0,,,12.313153819196868,-238999552.0,-0.009963985901735644,,,,,4,0.6575662505840731,,2.7733671171171173,,0.0866934224036191,-0.07449178389371924,Financial Services,0.12825007985878684,0.2579575596816976,0.1667231806994517,,0.4,0.07681358748496267,0.234,39.8876404494382,41.57303370786517,78.33940116753499,93.82022471910113,69.43820224719101,97.75280898876404,65.73331240976712,0.0,0.56,0.0,generic,2026-10-09 01:34 UTC
V,Visa Inc.,704195985408.0,0.803625,81.74298183105263,61.10219765190972,-10065999872.0,-0.014294315901514148,0.7672862985346992,0.9830074399315135,45.08658743633277,29.612453032742888,4,0.539425,0.96295,1.0757303818925117,1.0,0.10921242130254294,-0.025326491324453304,Financial Services,0.025572071373804545,0.0,0.023533108242303924,,0.32,0.017314947499876086,0.299,94.42854634831461,56.926127704259514,76.93490678551252,62.810086025280896,69.77528089887642,33.735955056179776,65.66390498682732,0.0,1.0,0.0,generic,2026-10-09 01:34 UTC
ANET,"Arista Networks, Inc.",266080583680.0,0.6405609780472368,42.927314293534636,14.510196684114096,13343299584.0,0.0501475883713756,0.0,4.0,100.0,83.7182866297187,4,0.47218983532651543,0.9867306261589882,1.2110269408213248,0.8018699268241225,0.27146525721597636,0.007797449220915187,Technology,0.009210786695159432,0.0,0.0,,0.33,0.006181993778092798,0.329,63.651685393258425,83.83651712198585,76.09221015629903,74.24008710403412,62.92134831460674,9.297752808988765,65.34671355412607,0.0,1.0,0.0,generic,2026-10-09 01:34 UTC
CPRT,"Copart, Inc.",25455560704.0,0.4518317144247914,72.31885250828923,68.92788666039145,4401435240.0,0.1729066309393206,0.04734970264427463,3.3630435514385564,101.67269894534995,133.71493955510775,4,0.2648528349083422,0.8775564573641509,0.7927861076273681,0.17277238141597134,0.0989943984010011,0.005332909334530012,Industrials,0.051495035416525704,0.0,0.3994755124519943,,0.32,0.03511173975693052,-0.081,78.90625,88.60149137295707,66.82254723495072,30.542205690740488,44.044943820224724,64.18539325842697,65.27132474524825,0.0,1.0,32.5,generic,2026-10-09 01:34 UTC
PGR,Progressive Corporation (The),126950891520.0,,,21.563886443027922,-6230999808.0,-0.04908196967658444,0.5446811285334169,1.2583663611661433,52.16187050359712,,4,0.19626413501146775,0.996029074477675,1.5210470463388752,,0.2090378284670047,0.0006834104297011034,Financial Services,0.04807567656221214,0.0,0.09675424339381278,,0.36,0.030647816127866125,0.266,62.92134831460674,57.574114789704666,56.710187684388934,89.36149090745003,63.59550561797753,58.14606741573034,64.9515940135194,0.0,0.75,0.0,generic,2026-10-09 01:34 UTC
EW,Edwards Lifesciences Corporatio,48505389056.0,0.7801107521919705,31.990310830316563,38.63914565056326,3548299904.0,0.07315269443367312,0.3527644230769231,1.6590229312063807,63.39705882352941,16.47694654784967,4,0.22002109565561342,0.9571164875733403,1.2435957149510946,1.0,0.1077223514087009,-0.015358801496537566,Healthcare,0.042121092929307685,0.7428496143343075,0.11494013875109588,,0.44,0.02370709171157015,0.322,74.33462078651685,66.49007980950795,60.08097420124285,64.96725402311493,63.82022471910111,47.949438202247194,64.12822985103426,0.0,1.0,0.0,generic,2026-10-09 01:34 UTC
CINF,Cincinnati Financial Corporatio,25362247680.0,,,5.003015521968534,1016000000.0,0.04005954096888624,0.20068727639588613,2.2188334403334578,57.22641509433962,,4,0.244794553083683,0.9984165940938959,1.292101964061847,,0.2438798815724228,-0.0035805688039370898,Financial Services,0.05954716707505949,0.0,0.15841273947987422,,0.37,0.03734830016635395,0.214,12.921348314606742,75.85542968267687,64.01355847090578,86.04575605793961,72.58426966292134,70.64606741573034,63.8707729414853,0.0,0.75,0.0,generic,2026-10-09 01:34 UTC
APO,"Apollo Global Management, Inc. ",68089630720.0,0.9549751942338295,33.36929212119139,1.0509532850689565,5731999744.0,0.08418315216851861,,,19.045945945945945,25.567925541435475,4,0.22609129770039627,0.993680770070829,2.075028636884307,1.0,0.42964764687572576,0.0050626271492255626,Financial Services,0.04095704398027906,0.23705483941446362,0.2432874567055584,,0.45,0.022643692650399054,0.204,53.9966643258427,60.522707489838126,60.923670830456345,90.70808250558413,66.06741573033709,45.95505617977528,63.601073142579125,0.0,0.94,0.0,generic,2026-10-09 01:34 UTC
TRV,"The Travelers Companies, Inc.",77229072384.0,,,23.238398228037433,-4007000064.0,-0.05188460692725028,0.7898954574541399,0.9616351267157071,19.343529411764706,,4,0.21721143606127633,,1.686704834605598,,0.09790109129310776,-0.02142366955894104,Financial Services,0.05541954432288006,0.0,0.06784656392983923,,0.36,0.03549251644057265,0.292,66.85393258426966,46.04507150153218,59.519176448433875,85.95505617977528,64.6067415730337,67.38764044943821,63.59329070394485,0.0,0.69,0.0,generic,2026-10-09 01:34 UTC
2020.HK,ANTA SPORTS,195597271040.0,0.6199778107430908,52.67447687734769,42.96224229976155,13325998080.0,0.0681297750686655,1.403959821257788,0.6046096084967344,26.745498199279712,17.368154315857687,4,0.22787618893279646,0.966142684401451,1.34530468060053,0.7332593691436359,0.1434920271154041,0.006938174826756294,Consumer Cyclical,0.06008519412112141,0.1287509617850731,0.21029085828724192,,0.35,0.03901052266504086,0.14,80.76544943820225,52.00677425040162,61.48546858326534,65.75889759882226,52.24719101123596,72.75280898876404,63.521995834152335,0.0,1.0,0.0,generic,2026-10-09 01:34 UTC
9961.HK,TRIP.COM-S,189037510656.0,0.8057651941226426,37.55579934056829,2.004191968799151,52551000064.0,0.27799244648131977,2.3593647141361456,0.3832350436037299,46.75736160188457,28.763753956048596,4,0.21762886763127112,0.9872294060151581,0.4079413708175647,1.0,0.4603503514179359,0.0018111554154607301,Consumer Cyclical,0.081573757221451,0.0,0.5070607352922312,,0.41,0.048534722316770175,-0.102,53.37956460674157,60.90120469837055,59.80007532483837,59.85083328397861,68.65168539325843,86.20786516853933,63.44603064697141,0.0,1.0,29.7,generic,2026-10-09 01:34 UTC
CME,CME Group Inc.,99402096640.0,0.8609023709474588,65.71110533048952,33.10792036218382,-1592900096.0,-0.01602481386050571,0.810819274018343,0.9426676385809225,31.741061130334487,19.729209207427207,4,0.6431310002147042,0.987194429960433,1.0298118952900153,1.0,0.09113524548501961,1.9537204001940367e-05,Financial Services,0.03399123473458356,0.0,0.15321935404925346,,0.33,0.022775365491041897,0.177,91.39922752808988,50.27204034436132,77.777603414726,73.37391437237716,44.38202247191011,42.7247191011236,63.44598502460403,0.0,1.0,0.0,generic,2026-10-09 01:34 UTC
PLTR,Palantir Technologies Inc.,477679943680.0,0.8236651721415028,42.53219209315286,5.713494826621978,9197698752.0,0.019254940203563543,0.07939518780013033,3.0358670588921224,407.4971181556196,49.69038893715227,4,0.4693590314797676,0.992429357878522,1.2926451339757408,1.0,0.32917125287657845,0.04438870012386942,Technology,0.0010066065288311834,0.0,0.04054442607124542,,0.35,0.0006517738261780558,0.312,61.0472261235955,77.37108816053978,75.81131127989454,82.90653925392581,58.76404494382022,0.5617977528089888,63.023948026010515,0.0,1.0,0.0,generic,2026-10-09 01:34 UTC
ALL,Allstate Corporation (The),58316632064.0,,,24.794877070538757,-1782000128.0,-0.030557322412658044,0.43801120728377724,1.453464695652174,33.97243107769424,,4,0.14734079828236593,0.9966005158866242,0.9610970628282436,,0.09835266933147047,-0.0036432827379354604,Financial Services,0.05775367816686952,0.0,0.1859619465936253,,0.37,0.036217934810489454,0.187,69.10112359550563,56.81049989336506,50.81131127989455,71.33071612291864,53.93258426966292,68.45505617977528,62.084990889842615,0.0,0.75,0.0,generic,2026-10-09 01:34 UTC
6618.HK,JD HEALTH,112781819904.0,0.2478049225773438,43.058186994464165,12.009512784471301,48398362944.0,0.4291326650447451,0.17185685037616694,2.370472351244994,544.3406920165795,41.468845348209264,4,0.13647517785145064,0.9979438188663037,1.8645925283769316,0.0,0.16259783365803093,0.0030682266481072418,Healthcare,0.026731247576659074,0.0,0.49231873889890254,,0.38,0.016516511404482077,-0.11,41.61692415730337,87.5777641359144,48.845019145063084,76.30287212755516,57.865168539325836,33.651685393258425,62.051501271221696,0.0,1.0,38.5,generic,2026-10-09 01:34 UTC
TROW,"T. Rowe Price Group, Inc.",22233913344.0,0.5127002788866408,34.11396846480441,19.080401550895537,2783699904.0,0.12520062756973926,0.15203454695653856,2.487348432044333,,30.490689644119726,4,0.20222015639525345,0.9625143544594521,0.7087346078290451,0.3756675962888027,0.04077043516925727,-0.008611232617009135,Financial Services,0.08471068366866079,0.006190181419932384,0.1434089160459998,,0.35,0.054763011174713036,0.21,56.84954353932585,76.60412481475704,57.55288431360241,43.707405112021114,38.87640449438203,88.56741573033709,61.86864315912881,0.0,0.94,0.0,generic,2026-10-09 01:34 UTC
C,"Citigroup, Inc.",214846111744.0,,,50.89386679456652,214099951616.0,0.9965270019459831,,,,,1,-0.870195862133712,0.9234858530975321,-5.183279742765273,,0.04589654681078592,-0.03372495705121592,Financial Services,0.05941578321515281,0.3783765577635568,0.12075236190701455,,0.45,0.03261067635818949,0.33,97.19101123595507,97.19101123595507,2.5171050153788213,15.886918460358288,52.359550561797754,65.75842696629213,61.729394553923456,0.0,0.62,0.0,generic,2026-10-09 01:34 UTC
0939.HK,CCB,2563683647488.0,,,32.71683397553896,-4961711947776.0,-1.9353838577695357,,,,65.87376293276003,4,2.7312245222574085,0.969023797411113,3.0,,-0.009396280633871212,0.015219065182316083,Financial Services,0.12987786161769732,0.0,0.009100116224834531,,0.35,0.08459415739060248,0.34,84.2696629213483,32.614455810833476,80.58659217877096,76.14006588150355,12.808988764044946,98.62359550561798,61.708191382306616,0.0,0.69,0.0,generic,2026-10-09 01:34 UTC
VRSN,"VeriSign, Inc.",26920216576.0,0.881504285886756,53.70348357890981,53.148912551961345,-1306200064.0,-0.048521157335877745,1.9732715278246207,0.44978761590063565,13.751500600240096,36.572943165340405,4,0.6448750452734516,0.9862368706990221,1.293811311614388,1.0,0.05150438997980311,-0.04435693306387478,Technology,0.028814775609626954,0.03901663405088063,0.039387069209929404,,0.35,0.018673717126596403,0.313,92.29459269662921,35.48901773222585,78.0585022911305,79.72967449150534,57.640449438202246,37.19101123595506,61.66510854975928,0.0,1.0,0.0,generic,2026-10-09 01:34 UTC
0883.HK,CNOOC,1153076690944.0,0.6749008085982623,30.07616743676899,32.58174081851504,258181992448.0,0.22390704319643454,0.25549255961291767,1.9782684848333927,27.066226183159188,41.05875725452772,4,0.24480689066345238,0.7198659032695495,0.7985370488687931,0.9163360286608743,-0.02694423876149865,-0.00025801978985995344,Energy,0.11394753794947804,0.1260197600564573,0.2045901564301037,,0.35,0.07423249379397992,0.144,68.00298455056179,75.59451574754274,64.29445734731027,32.66419258494653,22.24719101123595,96.62921348314609,61.47740669206257,0.0,1.0,0.0,generic,2026-10-09 01:34 UTC
MA,Mastercard Incorporated,503495458816.0,0.7788722515324327,57.63367102313746,35.17988669337227,-13034000384.0,-0.0258870266966265,1.109995062881838,0.7352967869464127,26.73130193905817,23.117822640557584,4,0.5011436064773871,0.9629471501326583,1.0978754676643505,1.0,0.1382198495222513,-0.022089052967942835,Financial Services,0.02431352614140198,0.0,0.04184305704476532,,0.33,0.016173067063354776,0.293,85.49859550561798,46.571995839143256,76.65400790910803,63.552268237274944,73.48314606741573,29.691011235955056,61.27988428814642,0.0,1.0,0.0,generic,2026-10-09 01:34 UTC
1398.HK,ICBC,2683739308032.0,,,28.727900979716452,-3435863212032.0,-1.280252221871556,,,,130.22036026778468,4,2.2223154040331328,0.9541221553552747,3.0,,-0.014691365836743131,0.0,Financial Services,0.1359623488421362,0.0,0.02334628112166448,,0.35,0.08831739102629146,0.327,76.96629213483146,36.235116552071105,80.30569330236645,67.46536708632283,21.573033707865168,99.43820224719101,60.9335936622296,0.0,0.69,0.0,generic,2026-10-09 01:34 UTC
AIZ,"Assurant, Inc.",13458482176.0,,,49.40249256186884,-174200064.0,-0.012943514857168987,1.2711415896168725,0.6574009985828264,10.912488605287146,,4,0.12473564689448506,0.9816220940667848,1.83155723616363,,0.07927210984608024,-0.019544362620505296,Financial Services,0.0474050484784771,0.0,0.11552871801483244,,0.39,0.029071012746841013,0.271,95.50561797752809,35.01915921157494,48.002322515849606,79.3939804160462,55.842696629213485,56.46067415730338,60.73839063582562,0.0,0.75,0.0,generic,2026-10-09 01:34 UTC
BAC,Bank of America Corporation,374881255424.0,,,31.135392711440154,79157002240.0,0.21115220111624805,,,,,2,0.11152373626179297,,0.4134189911173752,,0.06003133969580876,-0.03382406919786807,Financial Services,0.07423350620325093,0.04442749200813717,0.17420147394116103,,0.38,0.04616529441964881,0.204,82.58426966292134,87.07865168539325,18.79668570711192,12.921348314606742,56.96629213483146,83.20224719101125,60.61009666687591,0.0,0.56,0.0,generic,2026-10-09 01:34 UTC
0388.HK,HKEX,490431512576.0,0.8079174563065908,26.664947067995698,5.08435647819882,166704000896.0,0.33991290653486833,0.0391767104642566,3.458093144480956,5.528681506849315,656.5926928041775,4,1.0062750052642662,0.9270162139397768,1.3458375577334685,1.0,0.11927689678271247,-0.00036882207557320523,Financial Services,0.026886526786870417,0.0,0.15061293702168477,,0.36,0.017320852695520073,0.205,48.41994382022472,73.35460887427179,79.46299667315297,60.51619134543793,56.74157303370786,36.06741573033708,60.44756113563978,0.0,1.0,0.0,generic,2026-10-09 01:34 UTC
AIG,"American International Group, I",40288919552.0,,,31.021829844308364,1367999488.0,0.033954732547105265,1.120427228997629,0.7296994534554233,10.795454545454545,,4,0.12377679838649436,,1.0704134366925064,,-0.036944411466962035,-0.09831988109497758,Financial Services,0.09656501199985319,1.0,0.1262269677565332,,0.5,0.04794621916961641,0.377,82.02247191011236,46.02453375276409,47.721423639445106,56.74157303370787,45.28089887640449,87.41573033707866,59.928475848856124,0.0,0.69,0.0,generic,2026-10-09 01:34 UTC
APP,Applovin Corporation,93742301184.0,0.8786399662671873,7.30414676102798,1.9398375753797565,-461765888.0,-0.0049259073243106445,0.6491473893502905,1.1121647149780238,20.09470765544692,55.20825078993405,4,0.7193905468937732,0.9948331577784439,1.1826799977442914,1.0,0.2483811324958407,-0.0327666480644353,Communication Services,0.013542496119315236,0.0,0.6165621348061643,,0.39,0.008217244240227312,-0.223,41.40186095505618,58.43921192843715,78.6203000439395,82.47469953550156,87.52808988764045,13.848314606741575,59.81445579964441,0.0,1.0,48.7,generic,2026-10-09 01:34 UTC
VRTX,Vertex Pharmaceuticals Incorpor,127473221632.0,0.8624065726212994,57.668887112534705,46.928520495833695,5874800128.0,0.046086543140486776,0.38772669589398184,1.5680698431452271,350.1127819548872,16.25867926288909,3,0.26612117020656095,0.9635372834609583,0.8079024587675807,1.0,0.10352183400647985,-0.003932784190858185,Healthcare,0.020316423848425545,1.0,0.09805365943464928,,0.46,0.011052218955114941,0.358,92.46752106741573,67.88349689049839,44.75707739627142,54.44369912938269,55.842696629213485,21.48876404494382,59.638076004759164,0.0,1.0,0.0,generic,2026-10-09 01:34 UTC
ERIE,Erie Indemnity Company,11845746688.0,,,19.07607711669389,241851992.0,0.020416778981522655,0.07563965926944964,3.0708790269693553,,,4,0.13762935180074098,0.9721128003143251,1.0207925482939562,,0.13315715446994947,0.0,Financial Services,0.040189087487601693,0.06826260923450062,0.3134527610144484,,0.38,0.02486538680667669,0.068,58.98876404494382,72.5901269312914,49.406816897872076,56.10441767068273,56.62921348314607,48.65168539325843,59.36514972710723,0.0,0.69,4.6,generic,2026-10-09 01:34 UTC
9992.HK,POP MART,201757736960.0,0.6678886823177835,23.204274528091297,2.2536230037186256,10244341760.0,0.05077545929270122,0.19405861495021454,2.251954958946387,103.41653373369616,37.14889689402515,4,0.3403601342532365,0.9603696926516994,1.419794699874227,0.8929622743926118,0.4265853851305321,-0.011869339691084835,Consumer Cyclical,0.006861962375571642,0.4432420854016965,0.47050659389322325,,0.44,0.0038606420283543953,-0.033,40.57935393258427,77.07625763470136,72.15962588663612,65.65657468356572,81.68539325842697,5.870786516853934,59.15766125687495,0.0,1.0,21.7,generic,2026-10-09 01:34 UTC
1177.HK,SBP GROUP,96886145024.0,0.8207057704210603,59.95498220724619,18.15117173154001,10406018048.0,0.10740460408887452,1.643554719277192,0.5281072629270097,25.948065853676063,17.211873326705437,4,0.23838586629695444,0.9465067884867506,3.0,1.0,0.06945513258749747,-0.01050589468798302,Healthcare,0.027657956143638588,0.3304402437372744,0.3629976485339379,,0.39,0.01694352670096256,0.024,79.19768258426967,50.789361359753784,63.732659594501285,71.6661845767903,49.32584269662921,35.39325842696629,59.03676752656559,0.0,1.0,11.9,generic,2026-10-09 01:34 UTC
1209.HK,CHINA RES MIXC,84452507648.0,0.35543811881929804,33.36866381624155,11.968926453277472,13234671616.0,0.15671141076310507,0.4095097852298454,1.5162777299073593,49.24541956182803,141.93519317646732,4,0.21474425881183365,0.9882836269196251,0.9750608651045862,0.0,0.14465812906327913,0.0,Real Estate,0.03760059456417102,0.0,0.263681592039801,,0.36,0.024112300639352446,0.095,40.51088483146067,80.63718019361153,59.238277572029375,54.35180944987816,58.651685393258425,46.40449438202248,59.026703448413556,0.0,1.0,0.8,generic,2026-10-09 01:34 UTC
ISRG,"Intuitive Surgical, Inc.",146755239936.0,0.6599600584220096,60.868366311834215,28.928857074415347,5216200192.0,0.03554353625993039,0.0,4.0,100.0,16.932049963211426,4,0.24746887636988682,0.9463670054745794,0.872093837535014,0.8665335280733651,0.17386716793068868,0.004833740166297007,Healthcare,0.014137314626072555,0.0,0.29929995653361896,,0.33,0.009438945709660333,0.033,80.92696629213482,70.97637960731203,64.85625510011927,46.96660941518884,58.539325842696634,15.280898876404498,58.978452688363,0.0,1.0,11.3,generic,2026-10-09 01:34 UTC
FTNT,"Fortinet, Inc.",138745266176.0,0.8045620330607682,30.596689537684547,23.09864449137064,3508200000.0,0.025285186995495812,0.21627243476329616,2.1446689219525736,114.54228855721394,14.422681630242172,4,0.3273427848696982,0.9463497852814872,1.2009280241717923,1.0,0.15461947760091377,-0.01669870648625338,Technology,0.010097101246127635,0.0,0.011345208974085641,,0.32,0.006865839433077355,0.309,66.68451544943821,63.35956702194334,71.87872701023163,59.77976248392446,72.80898876404494,10.730337078651687,58.628122837067885,0.0,1.0,0.0,generic,2026-10-09 01:34 UTC
9633.HK,NONGFU SPRING,454807060480.0,0.6052586621749395,45.29616347238521,7.70439596202757,26917570048.0,0.05918459141683376,0.21322673591693544,2.1587700416741864,313.67422532474325,33.58643673939535,4,0.2729735232549444,0.8706808243349416,0.9040399100746559,0.6841955405831317,0.16497192359171198,0.0,Consumer Defensive,0.026696114803463837,0.0,0.2791443898993341,,0.35,0.017288832260183257,0.073,57.09094101123596,78.19374990262128,68.2270416169732,38.04218982672262,62.69662921348315,34.943820224719104,58.48981315340853,0.0,1.0,4.2,generic,2026-10-09 01:34 UTC
GL,Globe Life Inc.,12763156480.0,,,49.95044576588985,-2971867904.0,-0.23284740797912712,2.0397024415594545,0.4367379716461878,11.168282337612679,,4,0.20918259591833466,0.9762301566249906,1.0798019010745428,,0.046733910187802596,-0.06492955465551009,Financial Services,0.0802532862152921,0.0,0.10719278563288492,,0.38,0.05010002895021009,0.269,96.06741573033707,16.888676632356407,58.11468206641139,62.869455349487836,57.640449438202246,86.06741573033709,58.24795931060217,0.0,0.75,0.0,generic,2026-10-09 01:34 UTC
0291.HK,CHINA RES BEER,61927960576.0,0.4306963274976965,35.683353203232805,15.398808719861368,12318000128.0,0.1989085384603123,0.6664148253429485,1.0912088852619461,92.5,20.638734701435688,4,0.14026589443201265,0.9526391996840858,1.5805398991397213,0.10232109165898821,0.025095415399798204,0.0,Consumer Defensive,0.07107855577769318,0.2886684954631779,0.3426308694645841,,0.41,0.041618938212981745,0.072,48.922928370786515,72.28022836630082,49.68771577427656,56.874465911398396,27.303370786516858,79.01685393258427,58.07031402822566,0.0,1.0,4.4,generic,2026-10-09 01:34 UTC
COF,Capital One Financial Corporati,122331906048.0,,,6.651909638301661,7644999680.0,0.06249391452300508,,,,,4,0.48920163191975147,0.970468241194745,3.0,,0.1598069408002154,0.17911000254188592,Financial Services,0.03974842015534423,0.48357894736842105,0.22695203532154673,,0.41,0.02331012287916278,0.187,21.910112359550563,71.91011235955057,76.37310903270354,76.78263616262804,47.19101123595505,45.36516853932584,57.90559141342219,0.0,0.62,0.0,generic,2026-10-09 01:34 UTC
3988.HK,BANK OF CHINA,1955829252096.0,,,31.986074130273302,-5768530362368.0,-2.949403868556547,,,,155.27155328615248,3,1.1576117885869581,0.9219800419368878,3.0,,0.03970754119346975,0.0305620764450254,Financial Services,0.12006262803787637,0.0,0.0024650561037898866,,0.35,0.07816576224364782,0.346,83.14606741573034,37.35200402481972,57.397526834473666,60.07580885339109,19.55056179775281,97.80898876404494,57.8139179903362,0.0,0.69,0.0,generic,2026-10-09 01:34 UTC
0005.HK,HSBC HOLDINGS,2428153102336.0,,,12.224346070038044,382075011072.0,0.15735210877124078,,,,442.71865794174056,4,0.3534919740918051,0.9343705998310335,1.1265425173883779,,0.09753298884807426,-0.04963880515270058,Financial Services,0.008788160836922044,0.07064514783769131,0.15576692879670118,,0.34,0.0057809017815012515,0.186,39.325842696629216,89.29062552406506,72.44052476304061,45.54577862009837,71.91011235955057,8.483146067415731,57.810246171983515,0.0,0.69,0.0,generic,2026-10-09 01:34 UTC
MNST,Monster Beverage Corporation,85512609792.0,0.5584764218214752,33.30162079106982,22.540932454567482,3326324064.0,0.038898638131743574,0.03168153874886872,3.550108411227984,,18.542259822553902,4,0.23397247979737515,0.9810076578699483,1.0184818980682595,0.5282547394049172,0.09536818669323455,-0.021682843129604557,Consumer Defensive,0.018234421844833877,0.07476449857387056,0.12647587633449509,,0.35,0.01184643691740017,0.224,58.75702247191011,66.78408069654085,62.609064088883315,62.14335572627589,63.82022471910111,21.516853932584272,57.762475531933596,0.0,0.94,0.0,generic,2026-10-09 01:34 UTC
PFG,Principal Financial Group Inc,23502266368.0,,,5.756107274421222,1816799744.0,0.077303172194223,2.1152220108356476,0.42279329188497355,,,4,0.28406770983328533,0.9937282006975777,3.0,,-0.0377225619285263,-0.03711560808788561,Financial Services,0.08654697245579274,0.8689903088145641,0.07374909573554123,,0.47,0.045490019113034665,0.401,16.292134831460675,49.65606405851553,69.91243487540017,93.81074861242725,39.7752808988764,85.1123595505618,57.452788950185244,0.0,0.69,0.0,generic,2026-10-09 01:34 UTC
SNA,Snap-On Incorporated,18563829760.0,0.517290199957332,64.66006871516042,29.434998620866796,334199936.0,0.018002747295178815,0.9254680115754318,0.8507249794571108,27.453465346534653,14.729674678611422,4,0.19505052268187195,0.9852601772657629,0.988986134329826,0.39096733319110677,0.02113673668415572,-0.0071929332716763605,Industrials,0.05364733532225626,0.02586454641249162,0.14411770057387396,,0.35,0.034800399728128616,0.207,75.78300561797752,48.71214962297471,56.429288807984435,62.63630364153243,34.38202247191011,64.8314606741573,57.39320330614275,0.0,1.0,0.0,generic,2026-10-09 01:34 UTC
2628.HK,CHINA LIFE,778975248384.0,,,1.4968105102369518,2018156118016.0,2.590783368537968,0.8274137968110765,0.9281485005666295,5.9448899856055935,,4,0.7550131049686505,0.9949497119551026,2.9651799737795144,,-0.09717947620839851,0.0,Financial Services,0.11049099464784465,0.0,0.2240991241339204,,0.39,0.06777728141170362,0.162,2.8089887640449436,59.40934065934065,78.90119892034399,94.10631289201751,15.505617977528091,95.25280898876404,57.19695947239719,0.0,0.75,0.0,generic,2026-10-09 01:34 UTC
EG,"Everest Group, Ltd.",14305675264.0,,,10.19862307307546,31000064.0,0.002166976631855412,,,13.496688741721854,,4,0.17818561970031363,,1.9283469516027656,,0.12836140182450917,0.01345830030830708,Financial Services,0.106216586911056,0.4545093365117203,0.06420869154682252,,0.43,0.06002161180030681,0.371,30.89887640449438,40.963811469429444,53.90119892034399,90.4494382022472,47.30337078651685,92.69662921348316,57.09803588853554,0.0,0.62,0.0,generic,2026-10-09 01:34 UTC
NVDA,NVIDIA Corporation,5565400481792.0,0.7106808435754708,12.399405940487487,3.6827195427232757,23608999936.0,0.004242102614760645,0.1930778199689327,2.2569398758667654,547.1389961389962,32.48518003952158,4,0.44770258129648327,0.9720197464086914,0.8051837723937468,1.0,1.0004509499443963,-0.0048538260437490655,Technology,0.010200299185247683,0.0,0.036615990488577776,,0.36,0.006479394777827299,0.328,38.531425561797754,72.5802555653302,75.53041240349006,57.86152774722486,78.87640449438203,10.674157303370785,56.86385907544608,0.0,1.0,0.0,generic,2026-10-09 01:34 UTC
SCHW,Charles Schwab Corporation (The,167520747520.0,,,7.238234181215282,20580999168.0,0.12285641911634182,,,,,4,0.366330839011747,0.9770912587266418,0.9899457749661094,,0.048342956030810846,-0.017357049518161083,Financial Services,0.040359179982723134,0.29458443547264374,0.14764626972289085,,0.39,0.024791376501602763,0.238,22.47191011235955,79.21348314606742,73.28322139225409,57.16077794323361,47.97752808988764,48.84831460674158,56.623095136178385,0.0,0.62,0.0,generic,2026-10-09 01:34 UTC
CB,Chubb Limited,132630282240.0,,,21.221979552691213,-17045999616.0,-0.1285226822118538,1.680709472429817,0.517944317505984,18.073298429319372,,4,0.2143753240887878,,1.2430649854510185,,0.11562448439502893,-0.01925728761438994,Financial Services,0.06381649693456914,0.0,0.07922967755974897,,0.38,0.039652241563849076,0.299,62.35955056179775,29.149063717181694,58.95737869562488,69.10112359550563,67.75280898876403,74.69101123595505,56.44822253475449,0.0,0.69,0.0,generic,2026-10-09 01:34 UTC
ACN,Accenture plc,127504252928.0,0.31913952808418106,78.1317659850953,28.514696118678295,-559220736.0,-0.004385898690891391,0.9522493774313006,0.8317741882608232,47.43273172759292,13.5200672989473,4,0.15607715456166024,0.9913877800858143,1.41622125243523,0.0,0.04193654176414818,-0.004942072538833608,Technology,0.056256841127099444,0.0008160334579534107,0.3185000569547215,,0.38,0.03499595329629322,0.059,66.28072331460673,47.75117281678576,51.654007909108024,67.39871617791391,37.752808988764045,66.40449438202248,56.31651806659344,0.0,1.0,5.8,generic,2026-10-09 01:34 UTC
2388.HK,BOC HONG KONG,530753585152.0,,,7.722660122334093,858725023744.0,1.617935418181064,,,,387.91551774022696,1,-0.9962551028440976,0.9830748642053059,-2.208020737269759,,0.18823214067211969,0.0,Financial Services,0.06584929612861853,0.0,0.06430569738707825,,0.43,0.03725671179398693,0.37,24.719101123595504,98.13181284588293,2.236206138974327,41.294165425747934,65.0561797752809,72.10674157303372,55.82694016147522,0.0,0.69,0.0,generic,2026-10-09 01:34 UTC
0175.HK,GEELY AUTO,156934586368.0,0.1661106056558148,49.13678335058477,6.396714574960807,51778679808.0,0.32993797611052306,0.6648922662360811,1.09302486959919,29.997620532226737,17.452348555273407,4,0.08502890783354244,0.9480942769877947,1.741889070948529,0.0,0.3263285298383507,0.026423542535973565,Consumer Cyclical,0.07046386495115423,0.0,0.4175340089124646,,0.41,0.041302559526024414,-0.004,32.407830056179776,67.15076638940465,41.822547234950726,51.22334051797076,60.0,77.02247191011236,55.41594464499505,0.0,1.0,14.1,generic,2026-10-09 01:34 UTC
SNDK,Sandisk Corporation,232611332096.0,0.7147372580007902,3.8958847058949444,1.2665684098039538,4560999872.0,0.019607814593132763,0.015930886979438594,3.7603755297417503,179.31506849315068,28.514969293413174,1,0.5676610035559068,0.9912583958909522,1.0053354325198984,1.0,0.49285190975588256,0.0,Technology,0.007498559869302233,0.0,0.31072378546573876,,0.39,0.004575905834818726,0.079,34.17749297752809,75.22762978259372,48.5845207457159,74.12184993485177,72.47191011235955,7.05056179775281,55.2486865022056,0.0,1.0,3.4,generic,2026-10-09 01:34 UTC
CBOE,"Cboe Global Markets, Inc.",30711072768.0,0.4090407704382504,30.417593377313874,10.830843851485053,774200064.0,0.02520915077921644,0.8185114237362793,0.9358814307321914,30.95411089866157,68.21342624818928,4,0.3567095159305927,0.984939120105214,1.5287272727272727,0.030135901460834523,0.059967260789602905,-0.004117751383509893,Financial Services,0.0232920876910997,0.0,0.23215162816724932,,0.34,0.015476849195237306,0.103,40.11235955056179,65.2783620035842,73.0023225158496,71.22565402057668,42.247191011235955,27.640449438202246,55.089200233989224,0.0,1.0,0.0,generic,2026-10-09 01:34 UTC
AXP,American Express Company,208062955520.0,,,28.790766803510945,-13340000256.0,-0.06411521081520778,,,,,4,0.22155614010798838,0.9664266925100373,1.4772454537062678,,0.10966360326420155,-0.026255313934109736,Financial Services,0.04427746389056004,0.0,0.20951443679850967,,0.37,0.02772080434107468,0.164,77.52808988764045,23.59550561797753,60.36187307764735,66.14412707007806,70.7865168539326,54.26966292134831,55.02464854080813,0.0,0.62,0.0,generic,2026-10-09 01:34 UTC
1093.HK,CSPC PHARMA,105614483456.0,0.6559454017883579,29.675106602566213,16.230861896007486,17769197312.0,0.16824583835987625,0.06610248236665794,3.1635309932177824,125.57875372457572,17.166791564907378,4,0.13655120860663586,0.9123088997222947,0.9147473486054484,0.8531513392945264,-0.05623154279526521,-0.014965100307831047,Healthcare,0.047755898007125694,0.2631030974788557,0.1337698229778781,,0.41,0.028125931396882586,0.277,56.25,75.9131632244998,49.12591802146758,42.93516587417084,28.08988764044944,56.34831460674157,54.94106150627215,0.0,1.0,0.0,generic,2026-10-09 01:34 UTC
NVR,"NVR, Inc.",15995955200.0,0.23094950659190888,39.61390929043804,10.768590875065625,3480960.0,0.00021761501307530543,0.7095215104308017,1.0421861199870595,62.10393618865962,18.773198582229814,4,0.1060557376367563,0.9976302100834039,0.8186288266448527,0.0,-0.006252610482764043,-0.045482998960300614,Consumer Cyclical,0.09907082635490252,0.2034046641711179,0.25869279018339564,,0.42,0.0573307924697479,0.163,36.037570224719104,57.67622365895048,44.631535998995666,56.15802306839718,45.28089887640449,91.0112359550562,54.78874003988288,0.0,1.0,0.0,generic,2026-10-09 01:34 UTC
GRMN,Garmin Ltd.,51770322944.0,0.5874393538958355,63.91886522575329,15.930026476460633,2439333088.0,0.04711836722824056,0.09814416178766416,2.872373314735945,,13.441693149434906,4,0.18810426140625675,0.962674033426729,0.8191139181927619,0.6247978463194515,0.14235886942453901,0.0017313090034292156,Technology,0.02577994349086207,0.0,0.1428024035564731,,0.36,0.01648771789512543,0.218,68.80354634831461,59.8396248505254,55.30569330236646,48.30801259814539,55.0561797752809,31.516853932584272,54.57739510055829,0.0,0.94,0.0,generic,2026-10-09 01:34 UTC
PYPL,"PayPal Holdings, Inc.",47427239936.0,0.4662064391655613,37.573441975368915,38.487955106603216,-2964999168.0,-0.06251679777277942,2.2027570755886,0.40770446040198466,15.267573696145124,14.893814769434337,4,0.16773182201856987,0.9743156879295791,1.063252436460921,0.22068813055187098,0.06426945232818149,-0.06788428077550901,Financial Services,0.08457692257472547,0.023316062176165803,0.2736633602935489,,0.4,0.05099443477133329,0.123,65.65045646067415,25.08548113801342,52.777603414726,58.921299664951945,63.258426966292134,87.69662921348316,54.52088145335131,0.0,1.0,0.0,generic,2026-10-09 01:34 UTC
0300.HK,MIDEA GROUP,717213794304.0,0.2672022592020984,53.7508684969097,37.714794520093484,172169748480.0,0.24005359329023684,1.5726921616247223,0.5486389973327224,25.006059246670898,40.21926211597783,4,0.09204758874908153,0.9756993882040842,0.9603742470402655,0.0,0.09869488114674763,0.02779666481169185,Consumer Cyclical,0.050806360375933966,0.0,0.07297831769746377,,0.38,0.03172580499648042,0.303,63.438377808988754,62.30835678659761,43.507940493377696,46.53300614677812,39.21348314606741,60.84269662921349,54.45422684295056,0.0,1.0,0.0,generic,2026-10-09 01:34 UTC
NTAP,"NetApp, Inc.",45382610944.0,0.7074368231046931,34.29531908243458,24.313289532851037,1041999872.0,0.022960333271388432,1.2095465635269784,0.6851442941179696,16.119266055045873,13.393258426966293,4,0.2698916967509025,0.9714079422382671,1.4647335423197492,1.0,0.028668334111952687,-0.025818068843436737,Technology,0.026012165793120216,0.2260596546310832,0.020019515354669948,,0.36,0.016680566822432193,0.339,68.20575842696628,40.19764530287757,67.66524386416421,74.33404703787059,45.617977528089895,32.69662921348315,54.35507758027089,0.0,1.0,0.0,generic,2026-10-09 01:34 UTC
0285.HK,BYD ELECTRONIC,49728839680.0,0.059933254884832185,53.91941656663766,6.485483524188943,4887780352.0,0.09828864665760084,1.1310193103140458,0.7241028366016102,11.589461148347583,23.27275324417883,4,0.08179460295737284,0.9772218679962632,3.0,0.0,0.1874723775704128,-0.0010508680987399988,Technology,0.06876895825452728,0.17607354398099417,0.49033148965074536,,0.44,0.03863395979327277,-0.052,31.404494382022474,50.96001642161293,41.26074948214173,66.96315370329633,67.41573033707866,74.35393258426967,54.17256990345439,0.0,1.0,19.0,generic,2026-10-09 01:34 UTC
SATS,SATS,,,,,0.0,,,,100.0,,0,,,,,,,,,,,,0.44,,,,86.42857142857143,1.1173184357541899,,,,53.96979249800479,0.0,0.12,11.1,generic,2026-10-09 01:34 UTC
HOOD,"Robinhood Markets, Inc.",96210796544.0,0.833445115135256,7.0988338163448965,10.292030781660511,979998720.0,0.010185953710006112,,,,175.5569113145655,2,0.35412474849094566,0.9879275653923542,0.8412108337758896,1.0,0.4878747583673768,0.00319220574024337,Financial Services,0.004482345178410167,0.0,0.29811099682644027,,0.34,0.002972763643744188,0.039,48.34445224719101,69.2587623679356,46.32477559475237,67.95696567872615,67.86516853932584,3.3707865168539324,53.7751166092881,0.0,0.88,9.3,generic,2026-10-09 01:34 UTC
GOOG,Alphabet Inc.,4217615155200.0,0.5965231508603998,38.30064478477703,26.47404198416448,121682993152.0,0.028851137117613515,0.6975525901373553,1.055350394699509,216.7961956521739,26.151677179126743,4,0.18187550268595656,0.7729919868134923,0.5543315427101461,0.6550771695346658,0.12511745609215974,-0.020145238426849232,Communication Services,0.021697984911489727,0.0,0.13577591728439442,,0.35,0.014031886795165255,0.218,66.47428019662921,69.06362912200997,54.322547234950726,26.446690025551646,69.83146067415731,26.516853932584272,53.718626463264165,0.0,1.0,0.0,generic,2026-10-09 01:34 UTC
GOOGL,Alphabet Inc.,4259564224512.0,0.5965231508603998,38.30064478477703,26.47404198416448,121682993152.0,0.028567005153195147,0.6975525901373553,1.055350394699509,216.7961956521739,26.151677179126743,4,0.18187550268595656,0.7729919868134923,0.5543315427101461,0.6550771695346658,0.12511745609215974,-0.020145238426849232,Communication Services,0.021484298669187066,0.0,0.13494110384769198,,0.35,0.013893697872373285,0.218,66.47428019662921,68.89508979616727,54.322547234950726,26.446690025551646,69.83146067415731,25.955056179775283,53.60008713742147,0.0,1.0,0.0,generic,2026-10-09 01:34 UTC
2057.HK,ZTO EXPRESS-W,115382501376.0,0.24993430066034175,26.9296647762471,26.574342899601742,9267943424.0,0.0803236479836601,1.4748388871297524,0.5797642941968145,45.46086270976461,209.1158951340881,4,0.1200450309577651,0.876282425345682,0.6490780231505429,0.0,0.11544865199670928,-0.010102249216479287,Industrials,0.07248834442186673,0.0,0.24411766201842067,,0.37,0.04553706283260727,0.128,41.29740168539326,68.78351335902066,46.59782813382713,21.204726737004197,62.022471910112365,81.62921348314607,53.46816548104885,0.0,1.0,0.0,generic,2026-10-09 01:34 UTC
GS,"Goldman Sachs Group, Inc. (The)",256984973312.0,,,11.849494556227013,259369074688.0,1.0092772014848725,,,,,1,-0.8101504726935813,0.9645865861400409,-2.7490684676292503,,0.07158868405111818,-0.03982490453654308,Financial Services,0.04983657151210546,0.24376165527040228,0.23390933883972642,,0.46,0.02709656185158335,0.222,37.07865168539326,97.75280898876404,3.07890276818781,29.524840936780834,62.022471910112365,55.449438202247194,53.40247902664579,0.0,0.62,0.0,generic,2026-10-09 01:34 UTC
MTB,M&T Bank Corporation,31531622400.0,,,11.178127513912056,-1005000704.0,-0.03187278761780428,,,,,4,0.2969269102990033,0.9851536544850499,1.0031567870922484,,0.06326236932550966,-0.03561999450911646,Financial Services,0.08064919615427082,0.05581904414447282,0.14376795350384053,,0.38,0.05024633124973793,0.233,35.39325842696629,31.46067415730337,71.03603038101814,63.40914218672443,58.87640449438203,86.88202247191012,53.16296923933258,0.0,0.62,0.0,generic,2026-10-09 01:34 UTC
FSLR,"First Solar, Inc.",19220973568.0,0.4062437732020073,5.605770918918476,44.569087573935995,1532953968.0,0.0797542311047207,0.08131522586777014,3.0182736014646845,36.82318551585053,39.58845716796409,1,0.227465888642627,0.8333373568028055,0.7768665559938989,0.020812577340024174,0.258374947984624,0.002186087547208171,Technology,0.0469133884821125,0.0,0.43802040501644735,,0.33,0.031286161991411536,-0.105,47.118153089887635,75.323284379548,32.57328479065972,26.56743370955733,65.3932584269663,57.752808988764045,52.8645427610325,0.0,1.0,28.7,generic,2026-10-09 01:34 UTC
L,Loews Corporation,21996421120.0,,,27.760353696110577,-2538999296.0,-0.11542783628976094,2.7605806810865503,0.33216183385561665,6.224256292906179,,4,0.1485475352112676,0.9681448063380281,1.6196760647870425,,0.08961731661273986,-0.04424815175327668,Financial Services,0.06065759482968109,0.01394700139470014,0.09882749498290644,,0.42,0.035408894232689676,0.317,75.28089887640449,12.93855372155934,51.09221015629903,69.52664590948062,67.19101123595506,69.60674157303372,52.80163053784521,0.0,0.75,0.0,generic,2026-10-09 01:34 UTC
META,"Meta Platforms, Inc.",1836471812096.0,0.8199944269179861,41.18381761271098,24.983358753013892,-22058000384.0,-0.01201107484401015,1.0242852404296552,0.7847536550473005,74.76137339055794,13.287369932699503,4,0.2294368201586338,0.6532199476528369,0.7626616824903238,1.0,0.19893831442939258,-0.010875521230079843,Communication Services,0.025199951175499342,0.030500320718409236,0.07291761757326409,,0.36,0.016046012159211843,0.29,75.66450140449439,46.597495662144325,61.76636745966982,34.03115005668742,75.0561797752809,30.140449438202243,52.66350518695207,0.0,1.0,0.0,generic,2026-10-09 01:34 UTC
MSFT,Microsoft Corporation,3880664432640.0,0.6794409337058032,60.8068253204887,45.23363171995741,-51969998848.0,-0.013392036273707135,0.663174342651877,1.0950811398138711,55.38675843985578,13.130318358717322,4,0.20186596512164032,0.6505895931460739,0.5008411277841329,0.9314697790193438,0.1612397915820203,-0.0001599330045435332,Technology,0.025516120169307564,0.0,0.035899462633462,,0.35,0.016507082210568583,0.317,86.83023174157304,49.95115755450319,57.27198543719791,26.629678827670233,63.146067415730336,31.32022471910113,52.43139199801419,0.0,1.0,0.0,generic,2026-10-09 01:34 UTC
EXPD,Expeditors International of Was,25180485632.0,0.1292198786720654,78.51066474970047,3.6913394784938567,464163008.0,0.018433441466678063,0.44890297207489777,1.4308137752386538,219.28041666666667,32.76258238704042,4,0.0861323719223645,0.9952027322409802,1.1765547948248372,0.0,-0.13447253986862018,-0.046233520561028696,Industrials,0.03703946634034481,0.44534878838130865,0.002112035924340505,,0.49,0.018927094214196024,0.487,35.49683988764045,70.56258913818029,42.10344611135522,65.57118131937865,37.752808988764045,40.39325842696629,52.07801709209204,0.0,1.0,0.0,generic,2026-10-09 01:34 UTC
MPWR,"Monolithic Power Systems, Inc.",67316084736.0,0.551787716644466,43.296160934524956,8.522545968411723,1394827024.0,0.020720560761521234,0.01892866242005614,3.718458237218459,,20.91607410631176,4,0.23768885333918183,0.9373074465526997,1.0672230777028495,0.5059590554815534,0.1586149467868072,0.01120976647762717,Technology,0.01143332612136309,0.6096354529797281,0.18941467376319376,,0.44,0.006373035146826919,0.253,54.41801264044943,66.69965955560455,63.17086184169229,49.36783475192906,52.69662921348315,10.617977528089888,51.974796615914094,0.0,0.94,0.0,generic,2026-10-09 01:34 UTC
MS,Morgan Stanley,294386958336.0,,,13.836634294524714,131580035072.0,0.4469628539788114,,,,,0,-0.31511687839189884,0.9560682775975502,-1.2328450269853508,,0.09524171431647233,-0.01868855149734383,Financial Services,0.042772784742822555,0.176081240366307,0.17987311337310163,,0.44,0.023797366352376958,0.264,42.69662921348314,95.50561797752809,2.2440524763040615,25.432967826361626,61.23595505617978,48.51123595505618,51.973905899160016,0.0,0.62,0.0,generic,2026-10-09 01:34 UTC
0241.HK,ALI HEALTH,45452595200.0,0.23967560238144825,43.42659340108391,15.4036214432532,10105669128.0,0.22233426020083447,0.03213709017608021,3.5443762441014237,1623.1255349500714,19.304211670917276,4,0.035838319303022774,0.999737645073925,0.6340616126129942,0.0,0.08575079232060556,0.0615585947401065,Healthcare,0.02633358435823704,0.0,0.638817497814854,,0.41,0.015620630894491734,-0.232,44.56021769662921,82.07325187809005,36.20456970686084,53.823516502808985,30.78651685393258,31.03932584269663,51.94289290982895,0.0,1.0,54.5,generic,2026-10-09 01:34 UTC
0700.HK,TENCENT,3701562933248.0,0.5621336958574875,16.754501449153356,30.228969206742565,-12923994112.0,-0.0034914965232428507,1.5884165010761682,0.5439463796232368,21.604117122473244,31.680232698353525,4,0.25296568347065446,0.8498455636461346,0.8457983828644114,0.5404456528582917,0.10674304478103402,-0.019028841446952605,Communication Services,0.04878844511270679,0.38794005620394917,0.39156180606957813,,0.41,0.02867628754188202,0.021,54.77966994382023,46.732037876595975,65.13715397652375,34.77233547955868,65.50561797752809,57.16292134831461,51.845323612656244,0.0,1.0,9.1,generic,2026-10-09 01:34 UTC
CPAY,"Corpay, Inc.",26400411648.0,0.7859781914286339,75.60546608258566,23.074622089222743,-7558492416.0,-0.28630206667904756,3.8386921625059225,0.24457698458450564,4.817473405835859,23.764692050847994,4,0.2868881148608019,0.9556673732439449,1.2143516796189286,1.0,0.097332408585459,-0.02323013552280384,Technology,0.03797089467261931,0.0,0.05446337172885485,,0.4,0.02293651135722486,0.341,83.46910112359551,12.629393288247892,70.47423262820915,62.58265946510762,64.8314606741573,44.80337078651686,51.76037449232466,0.0,1.0,0.0,generic,2026-10-09 01:34 UTC
FIX,"Comfort Systems USA, Inc.",60055248896.0,0.2412640753464128,29.75727264870765,20.91169146630414,1536488960.0,0.02558459066019021,0.1847055188711383,2.300407877491048,186.28190803609797,25.899682801907428,4,0.1133260474677039,0.9829807613813817,1.0086987730769306,0.0,0.30025058911956903,-0.005472684315095178,Industrials,0.008801628662223504,0.0,0.1742648201147745,,0.38,0.0054771608075659724,0.203,38.83953651685393,72.69914053747695,45.755131504613644,52.0250868290578,76.29213483146067,8.117977528089888,51.685409186363486,0.0,1.0,0.0,generic,2026-10-09 01:34 UTC
DXCM,"DexCom, Inc.",31853023232.0,0.601008151008151,34.26132335452752,15.437846454205342,548600064.0,0.017222856995529032,0.9965792474344356,0.8021952892750971,60.47540983606557,12.361251133802444,4,0.23105963105963107,0.922029172029172,1.2880545258878393,0.6700271700271698,0.1701360960301399,-0.001296009746613258,Healthcare,0.01801398868235378,0.0,0.08587820002465463,,0.35,0.011741435320817225,0.262,57.6975070224719,49.392313832402714,62.047266336074316,53.43642653479085,66.29213483146069,20.393258426966295,51.39188451066585,0.0,1.0,0.0,generic,2026-10-09 01:34 UTC
KLAC,KLA Corporation,256720879616.0,0.6130145227989652,61.489503348772544,7.411089735484136,-1249304576.0,-0.004866392550028244,1.0160130069266942,0.7898813002147165,20.70863802559415,22.085937532005126,4,0.2774137971155883,0.9723152056824579,0.7798204468810466,0.7100484093298839,0.08964649002419045,-0.01497436149939213,Technology,0.014647802530221757,0.184626471351472,0.34798314012748577,,0.4,0.008846202731335124,0.048,62.85990168539326,48.04475082187643,68.50794049337769,53.88661563388385,56.96629213483146,15.421348314606742,51.0481390356605,0.0,1.0,6.9,generic,2026-10-09 01:34 UTC
ELV,"Elevance Health, Inc.",86951575552.0,,,20.348615354381394,6469998592.0,0.07440921628994199,3.729457075773788,0.25129056073699557,5.7860199714693294,,4,0.015939736346516006,0.9943954802259887,0.5605793006004945,,0.08338453671992796,-0.02474921562214505,Healthcare,0.0676324720129207,0.053177257525083614,0.06056844252668292,,0.41,0.03959288978475393,0.354,60.67415730337079,30.91994031249649,35.36187307764735,58.01137132800866,59.55056179775281,75.3932584269663,50.902394818576,0.0,0.75,0.0,generic,2026-10-09 01:34 UTC
AMAT,"Applied Materials, Inc.",404393459712.0,0.4867456288776086,54.06258659898253,54.77900052376024,1887000576.0,0.004666248997557675,0.7233874949178137,1.0273400934582926,35.46468401486989,20.75608942974897,4,0.20086012408347434,0.9203327693175409,0.8142326378965419,0.2891520962586952,0.032334704568867556,-0.020562081409544963,Technology,0.01703538925903053,0.0249407830569876,0.2798754849044779,,0.34,0.011200451114241722,0.063,77.54125702247191,57.15806099820019,56.99108656079341,36.414377665155,44.26966292134832,19.831460674157302,50.674070538784356,0.0,1.0,5.3,generic,2026-10-09 01:34 UTC
6862.HK,HAIDILAO,50011938816.0,0.2614638792440224,40.646291344899424,6.312548780449399,1830247424.0,0.03659621017160928,0.8850696544527418,0.8810032019419426,25.397871581201066,15.20257292597408,4,0.09059067299736462,0.959552096217602,0.9669096731117204,0.0,0.11672264517542685,-0.009571141056545773,Consumer Cyclical,0.07313986093316106,0.13981483762821564,0.4776583994756086,,0.43,0.04158576385320415,-0.046,35.50825140449438,51.987490540651706,42.66524386416421,39.45638505567213,62.247191011235955,80.2247191011236,50.54896267700002,0.0,1.0,16.4,generic,2026-10-09 01:34 UTC
CFG,"Citizens Financial Group, Inc.",26993219584.0,,,18.257090522845292,-2481999872.0,-0.09194901202045509,,,,,4,0.24699890869407057,0.9789014186977083,1.1125068268705625,,0.009305158100850308,-0.044649438151149634,Financial Services,0.0650255889090166,0.22431259044862517,0.1560284107899419,,0.4,0.03874753248726937,0.248,56.74157303370787,20.224719101123593,64.57535622371478,65.90496818735616,47.41573033707865,73.39887640449439,50.51783589697439,0.0,0.62,0.0,generic,2026-10-09 01:34 UTC
NEM,Newmont Corporation,121754148864.0,0.5321363977237638,8.308621314583366,3.946008617198703,3411000320.0,0.02801547505218984,0.3281744735611638,1.7295817192355039,50.52838427947598,103.95000516923076,4,0.32198156072169043,0.8661167232784861,1.0302046577275934,0.44045465907921244,0.23911830284606483,0.11152242956707692,Basic Materials,0.015420419078262188,0.0,0.1449607549679417,,0.36,0.009824700533819024,0.218,30.221207865168537,74.02721063105938,71.59782813382714,40.371889594896444,54.606741573033716,16.910112359550563,50.03696738476262,0.0,1.0,0.0,generic,2026-10-09 01:34 UTC
RF,Regions Financial Corporation,23061731328.0,,,14.497737702096822,-4482999808.0,-0.1943912945754009,,,,,4,0.28580919479138983,0.9960138187616263,0.9976808905380334,,0.016520184038638863,-0.024673305543292834,Financial Services,0.0907130505618212,0.08727097396335583,0.1645062216061146,,0.38,0.05636561314335792,0.214,44.9438202247191,12.921348314606742,70.19333375180466,72.52335183430351,43.146067415730336,89.69101123595506,49.89341461634625,0.0,0.62,0.0,generic,2026-10-09 01:34 UTC
TYL,"Tyler Technologies, Inc.",13561345024.0,0.46464066131010057,40.440018260922045,35.54842269455288,-484995008.0,-0.03576304615373231,3.173304807125671,0.2921153845016903,79.14174174174174,16.033106475818983,4,0.2661490177246885,0.985939871545315,1.9668697699324784,0.2154688710336685,0.08024951917670409,0.010561890025298393,Technology,0.01675327923579271,0.0,0.36156472587132105,,0.38,0.01032794326034212,0.022,65.60129915730337,35.422432883232815,67.38434498775972,76.89676014451064,34.38202247191011,17.724719101123597,49.72988513110583,0.0,1.0,10.4,generic,2026-10-09 01:34 UTC
JPM,JP Morgan Chase & Co.,880976134144.0,,,13.939322063700578,183112040448.0,0.20785130646691208,,,,,2,-0.812672191457654,,-2.5904852054410323,,0.12497052294076494,-0.027800987653020748,Financial Services,0.05753475949635089,0.02433685074652392,0.09244750513487221,,0.42,0.033198385445445226,0.331,43.25842696629214,86.51685393258428,5.032640763291695,3.932584269662921,73.25842696629213,64.80337078651685,49.67329891406692,0.0,0.56,0.0,generic,2026-10-09 01:34 UTC
1113.HK,CK ASSET,156090105856.0,0.44114956416673856,20.977073132163607,5.19823827217857,18730999808.0,0.12000119870044916,3.9949772148415157,0.23557252474848314,8.475603492552645,54.161073722416106,3,0.2796582376801588,0.95740053508242,1.4553130333243511,0.13716521388912847,0.009343103746892734,-0.009842883004944403,Real Estate,0.10357318877670914,0.20900941790536706,0.14559391145093914,,0.39,0.06323398115099044,0.244,29.850772471910116,42.861482178730206,47.004268407507375,57.70975404426696,33.82022471910113,93.37078651685393,49.17063638355305,0.0,1.0,0.0,generic,2026-10-09 01:34 UTC
WFC,Wells Fargo & Company,248058658816.0,,,16.74326181184291,17941987328.0,0.07232961515489225,,,,,3,-0.22701585443075784,,-0.8904770831380635,,0.04018692169368365,-0.06910903801969881,Financial Services,0.07445718721594848,0.0,0.14897811703787311,,0.42,0.04349267054660167,0.267,52.24719101123596,73.03370786516854,10.206515598518612,6.179775280898876,55.3932584269663,82.21910112359552,48.79641108530539,0.0,0.56,0.0,generic,2026-10-09 01:34 UTC
AAPL,Apple Inc.,4968150990848.0,0.4690516410716045,40.51742641230818,20.974115213972375,-21944995840.0,-0.004417135445445523,0.5021701417678983,1.3294864346111948,33.82913806254767,12.047883492011392,4,0.23732882225869315,0.9694469207830623,0.8817694848674226,0.23017213690534832,0.01812535743479393,-0.025089144959952292,Technology,0.020256228159205508,0.033599670086086914,0.012900559421813229,,0.35,0.013077235058063937,0.342,58.85182584269663,48.602471861527704,62.88996296528781,50.56581663733586,43.932584269662925,24.01685393258427,48.75873972844837,0.0,1.0,0.0,generic,2026-10-09 01:34 UTC
6690.HK,HAIER SMARTHOME,187922382848.0,0.26660786233787714,35.89020700387091,21.684257484232837,29043544064.0,0.1545507438967061,1.7902240589306584,0.4901422447317524,9.762411751099416,15.43318731701952,4,0.05672750279250412,0.9707238032229842,0.8771827865019532,0.0,0.07470321478138353,-0.0024395861455046575,Consumer Cyclical,0.09258146002945739,0.0,0.2739036310378692,,0.39,0.056098662341001006,0.12,47.40431882022472,39.839680276121655,39.29445734731027,42.55033388469609,44.9438202247191,89.63483146067416,48.70967255996976,0.0,1.0,0.0,generic,2026-10-09 01:34 UTC
CF,"CF Industries Holdings, Inc.",17188984832.0,0.3845285149632976,12.858441570264768,3.9185476819578198,-1132999936.0,-0.06591430192495966,0.9328685762209111,0.8454024564545041,16.44137931034483,85.27220630372493,4,0.2542348955392434,0.8657538114059853,1.2378006872852234,0.0,-0.1412477014500929,-0.07751544762220874,Basic Materials,0.10972143023181417,0.5442319187089062,0.17828678875085335,,0.47,0.05839781218988317,0.289,23.568293539325843,48.00903691311204,65.41805285292826,35.774579180485986,40.337078651685395,92.58426966292134,48.37072789283979,0.0,1.0,0.0,generic,2026-10-09 01:34 UTC
AVGO,Broadcom Inc.,1719175217152.0,0.6776652527118193,31.16889807075971,6.340276816587324,-35444000768.0,-0.020616863490340923,1.1369881577318977,0.7209866893422303,8.080685358255451,16.708287401591264,4,0.4212750637844945,0.9902484073442172,1.1637983222347141,0.925550842372731,0.24378426000041764,0.04287252166717437,Technology,0.007939563032214875,0.5813804857264593,0.21816142193394894,,0.45,0.004371468961426273,0.231,50.208040730337075,30.887908000099852,74.12591802146757,76.11556302457019,56.29213483146067,6.9943820224719095,47.637419841183004,0.0,1.0,0.0,generic,2026-10-09 01:34 UTC
LRCX,Lam Research Corporation,401194123264.0,0.5046900724797688,31.873069009869045,5.111264740556699,1457605888.0,0.0036331685921551834,0.47695966024541175,1.3755921472484642,53.66612911450498,18.99015825271386,4,0.21053317545234754,0.9584032240777973,0.6732257952629148,0.34896690826589605,0.10055823901653271,-0.020860710027649443,Technology,0.013062452055289735,0.15144523381093614,0.26017121761217776,,0.4,0.007799378813589411,0.143,41.01035814606742,59.371347250770356,58.6764798192204,42.19931340530662,65.73033707865169,12.668539325842698,47.583732777059524,0.0,1.0,0.0,generic,2026-10-09 01:34 UTC
1876.HK,BUD APAC,75409678336.0,0.5008674531575295,85.92707547223606,13.013852873803263,2234000064.0,0.029624845421645375,0.2221423334168876,2.118005375122823,44.22727272727273,15.713697614830071,4,0.11172796668979876,0.9467383761276891,1.3169734151329244,0.33622484385843143,-0.03817880560456344,-0.00033314215765989363,Consumer Defensive,0.009879368490083357,0.32644628099173556,0.32142856331909553,,0.43,0.0056136762382811125,0.11,66.70294943820225,60.578611184220776,45.47423262820915,55.54061928895357,20.44943820224719,8.932584269662922,47.432143845338594,0.0,1.0,0.0,generic,2026-10-09 01:34 UTC
BLK,"BlackRock, Inc.",173094010880.0,0.4670465807730426,50.29802711173237,11.107193322034108,-1125000192.0,-0.006499359430638667,1.346527542937113,0.6263593787804698,13.408794788273616,48.84328251690679,4,0.1466798810703667,0.9845143706640238,0.6396542409508373,0.22348860257680866,0.1065430569599104,0.01168800835394923,Financial Services,0.03264411039569297,0.1281205840791333,0.11056134236643589,,0.42,0.01882057040579717,0.313,54.668188202247194,43.81500249708367,49.96861465068106,52.24609639400298,42.92134831460674,39.073033707865164,47.30091183939463,0.0,1.0,0.0,generic,2026-10-09 01:34 UTC
NFLX,"Netflix, Inc.",298013163520.0,0.48486575802475956,21.749603398135307,18.9290700325652,-7526750208.0,-0.02525643538391844,1.1308982226039093,0.7241663314725227,17.384273222495526,12.764665805239046,4,0.20939391943471883,0.9847681771539212,0.8615681472363542,0.2828858600825318,0.12639718371360664,-0.017621463629889145,Communication Services,0.02482503260129816,0.0,0.42345028828951414,,0.37,0.015592773308600798,-0.052,47.44996488764045,34.31199355733986,58.3955809428159,57.59546965953704,69.438202247191,28.960674157303366,47.27735810222398,0.0,1.0,16.5,generic,2026-10-09 01:34 UTC
LMT,Lockheed Martin Corporation,117216321536.0,0.10152169278328536,43.33280566303922,41.30927348926131,-16746999296.0,-0.14287258870221914,2.1216941487603305,0.42163952739129273,6.29695885509839,406.17857828571425,4,0.0920477561027609,0.9780273958000213,1.3769184771775962,0.0,0.043838941337237536,-0.033947811778366144,Industrials,0.04906526603663851,0.22890173410404624,0.24946060959571492,,0.45,0.027220635946691853,0.196,50.284410112359545,31.68022318114554,43.78883936978218,59.820876730235554,52.13483146067416,55.81460674157304,47.13935126663567,0.0,1.0,0.0,generic,2026-10-09 01:34 UTC
2269.HK,WUXI BIO,215489888256.0,0.45977529711081466,29.722137496346907,25.17671354045834,10302595328.0,0.04781011030903042,0.3021259648579181,1.8111808964777376,51.72667221216421,52.788546638236234,3,0.11955946984532091,0.8285582416682722,0.5307703638478403,0.19925099036938215,0.1258630207700473,-0.0072858693240726025,Healthcare,0.0186603175793704,0.23088030955463062,0.0958549724610489,,0.4,0.01112264647336964,0.308,53.20136938202247,74.24141555241673,23.970560542338838,23.955068870989578,63.258426966292134,21.03932584269663,47.13593194528097,0.0,1.0,0.0,generic,2026-10-09 01:34 UTC
2313.HK,SHENZHOU INTL,51727609856.0,0.2634519779676742,30.62726510683092,8.672586713690219,13054064640.0,0.25236164354664903,2.357083310203164,0.3835704045537664,20.8771872800792,166.32340143095092,4,0.09067701172611288,0.911627873661681,0.48245366474503637,0.0,0.037145895001117646,0.0,Consumer Cyclical,0.10239159057888793,0.06655133552468913,0.5226075048905902,,0.41,0.06011184588598682,-0.11,32.020716292134836,63.02306636010309,42.9461427405687,20.075039448524436,29.662921348314608,92.5,47.131551641212496,0.0,1.0,23.3,generic,2026-10-09 01:34 UTC
2359.HK,WUXI APPTEC,724735098880.0,0.4763871049709238,21.265725938335496,11.344402959591186,32915347456.0,0.04541707377891194,0.5873893676749592,1.194187600896504,78.99927700990787,123.94821765681327,4,0.2566210896451358,0.8781650247965749,0.6091204198384957,0.2546236832364126,0.04921650030784397,0.0026087655805637766,Healthcare,0.016220186199659863,0.01628445846669432,0.0,,0.35,0.01054916262660845,0.35,39.92714185393258,76.41497023854897,65.97985060573723,29.19960213043184,31.46067415730337,18.08988764044944,47.11940424641712,0.0,1.0,0.0,generic,2026-10-09 01:34 UTC
ROST,"Ross Stores, Inc.",71940841472.0,0.2770614559404892,50.77271583660344,30.741143968209766,-451026944.0,-0.006269414351728755,1.2958763718669304,0.6468822592794505,75.90793843234411,14.309860839956995,4,0.09703532998903455,0.9639887969346159,1.0291667676746956,0.0,0.06761774010986832,-0.020266777348018628,Consumer Cyclical,0.02648820490571645,0.0,0.11765857964184678,,0.4,0.015868414801066575,0.283,59.58216292134831,45.87262289111191,44.06973824618668,44.37786874323135,54.494382022471925,31.60112359550562,47.034254379879314,0.0,1.0,0.0,generic,2026-10-09 01:34 UTC
TPL,Texas Pacific Land Corporation,24677761024.0,0.8545947706686378,22.04744550440016,10.635204894967291,230596000.0,0.009344283696391143,0.024293910228694156,3.6457243952891414,885.5347826086957,33.16005690912325,4,0.04025983788321076,0.35632493516581265,0.06675654789603137,1.0,0.061455817167499704,-0.001556352156222407,Energy,0.018106818911384884,0.09121968267908111,0.33718665899133626,,0.43,0.010389453517209489,0.089,54.61903089887641,76.36390148506533,37.04726633607432,26.578530590056857,40.89887640449438,18.79213483146068,47.030329125933754,0.0,1.0,1.6,generic,2026-10-09 01:34 UTC
1024.HK,KUAISHOU-W,122556514304.0,0.5501554883173643,19.47890902274862,20.305336144350804,41373003776.0,0.3375830653389403,1.8609773632285034,0.47371422234041016,23.82274247491639,16.110130359674756,3,0.08246484002913655,0.8953465568442875,0.6324327227802546,0.5005182943912142,0.14875539388617476,-6.262903788356589e-05,Communication Services,0.0543789943590333,0.0,0.6790540650838881,,0.39,0.03330772888313588,-0.292,49.28370786516854,52.38265654352355,19.19527964346243,32.31452847908488,61.23595505617977,64.10112359550563,46.81589404008977,0.0,1.0,45.6,generic,2026-10-09 01:34 UTC
VLTO,Veralto Corp,23521181696.0,0.599491186625477,42.015574431782674,43.80742732645,-1473999872.0,-0.06266691406285373,2.58489204028777,0.35274711903966893,13.21875,12.57566803560831,4,0.18426312920225332,0.9885516990732328,1.078723404255319,0.6649706220849232,0.0415741282156441,0.003157592643038498,Industrials,0.03674347705697856,0.007151370679380214,0.08000380633080406,,0.4,0.02220488759941246,0.316,74.91836376404495,18.834423584130107,54.743895549557465,71.76250296128333,27.303370786516858,41.99438202247191,46.79279200152449,0.0,1.0,0.0,generic,2026-10-09 01:34 UTC
KEYS,Keysight Technologies Inc.,63785603072.0,0.6208372093023256,51.520850611738204,12.663265237067352,-161000192.0,-0.0025240835587658546,1.6289753404004712,0.5322049621933129,12.270833333333334,12.702153284030882,4,0.23832558139534885,0.9761860465116279,1.5070588235294118,0.7361240310077518,-0.0027752224099102385,-0.013693663286444058,Technology,0.014286139130352002,0.41911069063386946,0.03443028990952157,,0.44,0.008036363123390754,0.403,64.86920646067415,29.395372361999893,63.45176071809679,73.32966698253689,34.26966292134832,14.297752808988765,46.39782645941991,0.0,1.0,0.0,generic,2026-10-09 01:34 UTC
2618.HK,JD LOGISTICS,61601705984.0,0.09103496836009503,46.175400939361865,16.79113283551469,-1404416000.0,-0.02279832964958427,2.0041524851397994,0.4436257114779799,9.568648096555851,20.09748808726803,4,0.05119488510883591,0.9647781940662074,1.6725357595660872,0.0,0.16480593651566067,-0.022678691542450613,Industrials,0.04895809623816797,0.0,0.3732086668024588,,0.44,0.02751285182849868,0.065,38.73332162921348,28.678815943405915,38.732659594501285,56.854178476546636,78.76404494382022,56.17977528089888,46.352005654871846,0.0,1.0,3.4,generic,2026-10-09 01:34 UTC
VLO,Valero Energy Corporation,127782199296.0,0.04376176775045441,27.69750155503641,16.386286819694085,-3475000320.0,-0.0271947136545237,0.8482696704203383,0.9105231865478651,6.404676258992806,89.39261917123936,4,0.04099863881258813,0.9935119450308508,2.1422487223168654,0.0,-0.11397235202184985,-0.07039800741868552,Energy,0.049852405382722266,0.6864742501414828,0.0,,0.51,0.024298990161380405,0.513,24.856039325842698,45.03571076751523,37.328165212478815,73.43059650822391,40.1123595505618,53.848314606741575,46.14438022780238,0.0,1.0,0.0,generic,2026-10-09 01:34 UTC
GD,General Dynamics Corporation,89256812544.0,0.1513035204567079,61.323855599292166,30.3979070343576,-5145999872.0,-0.05765386109282392,1.4290668107131428,0.5955689157927399,13.694029850746269,20.03699510751445,4,0.07533777354900095,0.97790675547098,0.9403800475059383,0.0,0.10069361914442676,-0.0049088781695151296,Industrials,0.04116492506595777,0.022123893805309734,0.16685609293768966,,0.41,0.02416088145734332,0.246,54.33549859550561,32.70222943248267,40.69895172933274,47.782160065825096,56.179775280898866,48.98876404494382,45.20476707288034,0.0,1.0,0.0,generic,2026-10-09 01:34 UTC
AFL,AFLAC Incorporated,57624399872.0,,,18.07560894170313,-7240999936.0,-0.12565857435538239,2.667106376042013,0.34280546236261,21.604545454545455,,4,0.14721982137712475,,0.7007679648930335,,-0.03229187547440737,-0.055321555456052884,Financial Services,0.07881210060474293,0.3301488149917325,0.12975688762641213,,0.46,0.042181120807354415,0.335,55.0561797752809,26.79355405830125,50.530412403490054,25.842696629213485,43.932584269662925,82.16292134831461,43.81279672460958,0.0,0.69,0.0,generic,2026-10-09 01:34 UTC
FITB,Fifth Third Bancorp,45963251712.0,,,22.04450008338252,-16229999616.0,-0.3531081681882551,,,,,4,0.4313569890035143,0.9196236254392927,1.5087232355273592,,0.02874687207964821,-0.010941916630240467,Financial Services,0.05238423980719774,0.03965658217497956,0.1460333219627039,,0.36,0.03353101088528005,0.214,64.04494382022472,4.49438202247191,74.40681689787208,51.508957177022694,37.86516853932584,62.89325842696629,43.66194717354132,0.0,0.62,0.0,generic,2026-10-09 01:34 UTC
HBAN,Huntington Bancshares Incorpora,31053776896.0,,,18.356067466742743,-6003000320.0,-0.19330982959348947,,,,,4,0.27241421719345715,0.9671627106137006,1.0018091361374943,,0.038776548989612136,0.028004585896822975,Financial Services,0.06714159140714913,0.1282394995531725,0.20238715514058658,,0.38,0.04139804527244968,0.181,57.30337078651685,13.48314606741573,67.9461427405687,51.580704841839264,19.438202247191008,76.06741573033709,43.614468494781335,0.0,0.62,0.0,generic,2026-10-09 01:34 UTC
BRK-B,Berkshire Hathaway Inc. New,1094009683968.0,,,2.2782888718247754,236914999296.0,0.21655658333544497,0.9840529847487998,0.8103379776708348,17.267311106727163,,4,0.061000384875841,0.9490234384515325,0.3739397921395293,,0.20586499585407747,-0.00493618297928744,Financial Services,0.05242800940478484,0.24750828698241475,0.04376484390104374,,0.48,0.027136834545820405,0.439,5.617977528089887,63.53606014771746,39.57535622371477,25.805694688867835,71.57303370786516,57.27528089887641,43.59459054757963,0.0,0.75,0.0,generic,2026-10-09 01:34 UTC
2382.HK,SUNNY OPTICAL,63376314368.0,0.1969942209796238,31.532184687444072,8.603886161894962,14190232576.0,0.22390435161002262,0.95987640860881,0.8265307041980109,13.416499690501846,50.9763728403363,4,0.07283378803448397,0.9321994620016144,0.6786954903174253,0.0,0.09200882209807149,-0.0020814600009704254,Technology,0.04278205946556315,0.5433936263703404,0.33782265981590986,,0.48,0.022124464736940574,0.145,27.633426966292134,62.12699927943932,40.418052852928255,26.899189983247595,50.112359550561806,45.98314606741573,43.43161933354862,0.0,1.0,0.0,generic,2026-10-09 01:34 UTC
VRT,"Vertiv Holdings, LLC",93833158656.0,0.363170705480992,23.04656388287542,18.065919242238643,-227600128.0,-0.0024255831441676243,1.24615507820959,0.6683799123261167,21.231126596980257,20.520725251236943,3,0.18449838219337433,0.977868796371421,1.4161164465786316,0.0,0.2158543401649824,0.004559002986515459,Industrials,0.006302143170602807,0.0,0.3521782191469144,,0.38,0.003892187731917943,0.03,39.55143960674158,45.64786504791536,32.67842571087816,59.732207446358466,61.46067415730337,5.168539325842697,42.16458212903649,0.0,1.0,8.3,generic,2026-10-09 01:34 UTC
1378.HK,CHINAHONGQIAO,205814579200.0,0.2556470385881199,14.670432040724858,12.897829622062785,-12595052544.0,-0.06119611444901956,1.4016080781161064,0.6054705188537477,10.487176123111974,153.181865689406,3,0.1714931640773872,0.9313049023051365,1.2300063990690977,0.0,0.07224194076868717,0.01581651064319245,Basic Materials,0.07916235484060402,0.0,0.47886627428336426,,0.4,0.04779343309340529,-0.083,27.537745786516854,41.424370321947045,30.993032452451196,41.60204635254502,31.123595505617974,84.57865168539325,42.07896264602627,0.0,1.0,17.3,generic,2026-10-09 01:34 UTC
2015.HK,LI AUTO-W,86586515456.0,0.18684523935182965,42.99156704222115,1.1681329957610613,70900154368.0,0.8188359814990913,,,8.717458560906246,47.75859350609767,3,-0.11411831047032685,0.9625552223652092,-11.398506631757376,0.0,0.3535847406254444,0.012351075784546417,Consumer Cyclical,0.05442159757998981,0.8600113291875977,0.5361256624391566,,0.6,0.02191579170460167,0.061,27.13395365168539,63.189709558148266,11.33011110413659,25.235456397218087,62.24719101123595,51.99438202247191,42.07626130626871,0.0,0.94,4.2,generic,2026-10-09 01:34 UTC
1299.HK,AIA,764492972032.0,,,8.054626255884974,-14578999296.0,-0.019070154768394333,2.4035838730789325,0.3768488383371534,12.268476621417799,,4,0.16952833047166954,0.9935360064639935,1.0769971126082771,,0.14730816125588886,-0.03741685489296742,Financial Services,0.0065942398222452,0.08806319485078994,0.1841671309734303,,0.44,0.003698145947114969,0.255,25.842696629213485,27.206869675268553,53.058502291130495,74.5539461215649,80.11235955056179,5.0,42.04775392846569,0.0,0.75,0.0,generic,2026-10-09 01:34 UTC
BKR,Baker Hughes Company,55887548416.0,0.23596437457180977,47.289214396355035,10.47332048204309,771000320.0,0.013795565235051014,3.3587516976730507,0.2771041301192341,13.95945945945946,68.39236692333445,4,0.09147946489741464,0.9540980059856489,0.9802936630602782,0.0,0.09442943355196065,-0.006411502613831166,Energy,0.030905810846150964,0.13125209801946963,0.2046791832397299,,0.42,0.01802958193121969,0.212,40.23174157303371,41.731732966011016,43.227041616973196,37.6366341419047,54.382022471910105,37.89325842696629,41.923086815683504,0.0,1.0,0.0,generic,2026-10-09 01:34 UTC
HAL,Halliburton Company,27208904704.0,0.1570501262170934,41.095515485899426,12.078357516557205,-6151000064.0,-0.22606569911267826,1.9809132489059078,0.4482469233128736,6.03125,62.534351145038165,4,0.07536963577353047,0.9434727731698521,1.3031956352299299,0.0,0.030076157483628574,-0.02555429542923182,Energy,0.07345021865970956,0.4870051979208317,0.24220567608853116,,0.5,0.03648908755732272,0.261,33.97296348314607,26.3004231220733,40.97985060573725,44.86182704836198,46.06741573033708,75.84269662921348,41.59659906075791,0.0,1.0,0.0,generic,2026-10-09 01:34 UTC
2688.HK,ENN ENERGY,55926292480.0,0.11877932174612395,51.52584417768455,25.09173002900279,-10878999552.0,-0.19452388258868542,1.682499972413793,0.517464431707571,14.480438184663537,21.14996970740665,4,0.029855681158125195,0.9366248156918815,0.5658875338753387,0.0,0.005584335381460859,-0.005648591115963941,Utilities,0.10984994226457974,0.1216255868544601,0.3184282228039492,,0.45,0.060669852018653825,0.129,47.017205056179776,28.319223959002592,35.923670830456345,26.09338248358603,31.235955056179776,94.07303370786518,41.094745714507354,0.0,1.0,0.0,generic,2026-10-09 01:34 UTC
LEN,Lennar Corporation,18461059072.0,0.09907659458435202,19.493139926691082,25.050672469822707,-4917744768.0,-0.2663847587952727,3.0869203306180486,0.2996775172677811,,22.633788094572477,4,0.0008243792789373859,0.9944824241916517,0.013561391968641777,0.0,0.005081632765289168,-0.051895078096597436,Consumer Cyclical,0.19721712529061128,0.4715418789874109,0.4171111272591901,,0.53,0.0926902780368244,0.113,28.80179073033708,17.141220901073325,35.08097420124286,45.77525604524841,47.52808988764045,100.0,40.96508575356118,0.0,0.94,0.0,generic,2026-10-09 01:34 UTC
SLB,SLB Limited,72693334016.0,0.18222807214069675,50.4983066025604,11.099898511236994,-8686000384.0,-0.11948826534889964,1.7350670828871335,0.503761312965592,8.689964157706093,47.176358436606286,4,0.1272263918449647,0.9455024084238826,1.3464730290456433,0.0,0.08326017106596773,0.017334633299693758,Energy,0.05323390448907265,0.24366733916162295,0.18502494532796054,,0.45,0.02916165055405331,0.267,38.79652387640449,29.77522938239021,48.28322139225409,45.88930775771626,32.247191011235955,60.561797752808985,40.81944482367107,0.0,1.0,0.0,generic,2026-10-09 01:34 UTC
GE,GE Aerospace,317099835392.0,0.3148620652055392,29.295286278981468,16.55737323589132,-10285000704.0,-0.032434582286318896,1.7617348235002253,0.4970834069771165,12.862396204033216,20.72594637582494,4,0.15841238687166068,0.9722385781267038,0.8345588235294118,0.0,0.1631543559703441,-0.01250251800661295,Industrials,0.019771375763250148,0.308584686774942,0.1983107021180346,,0.44,0.011007497847302167,0.245,39.33374297752809,30.970070722502385,51.934906785512524,42.57537788090565,72.80898876404494,20.674157303370787,40.762468764978806,0.0,1.0,0.0,generic,2026-10-09 01:34 UTC
UNP,Union Pacific Corporation,165271814144.0,0.45777233782129745,54.94805780159336,35.382731297499646,-29054999424.0,-0.17580129784673756,2.4192021145075864,0.37464379132806125,8.002291825821237,18.46288209606987,4,0.2243574051407589,0.845328437372501,0.7703838610254974,0.19257445940432477,-0.004915242301498868,-0.010532738186148416,Industrials,0.041238126629757385,0.08845384395541583,0.10437184798076238,,0.39,0.024993467359031445,0.29,72.07338483146066,18.082039962385426,60.64277195405185,28.656196062339244,32.359550561797754,50.47752808988765,40.7358327043154,0.0,1.0,0.0,generic,2026-10-09 01:34 UTC
0016.HK,SHK PPT,314119389184.0,0.45050764970771684,28.317896984118285,18.409149004495962,-66766997504.0,-0.21255293306612874,3.6204173844890244,0.25837006727170353,6.828719723183391,51.302158592141666,3,0.2782284004139513,0.9353760523592426,1.0445762889845638,0.16835883235905608,-0.04097611803510515,0.0,Real Estate,0.0727037790503571,0.2033295687455557,0.2585499056866961,,0.43,0.041739758352785594,0.167,46.96892556179775,21.10711316186748,46.44247065469839,44.191823473669956,17.52808988764045,80.58988764044945,40.26100803842749,0.0,1.0,0.0,generic,2026-10-09 01:34 UTC
USB,U.S. Bancorp,88855674880.0,,,11.723167094051377,-29316997120.0,-0.3299395020024634,,,,,4,0.27925718290119134,,1.0528401585204756,,0.05675735260226378,0.0052887069814735455,Financial Services,0.07068484943119482,0.06798283261802575,0.12824823638761806,,0.38,0.04362764326340607,0.255,36.51685393258427,5.056179775280898,69.06973824618667,54.49438202247191,31.123595505617978,79.74719101123597,40.13752589291319,0.0,0.56,0.0,generic,2026-10-09 01:34 UTC
2899.HK,ZIJIN MINING,831760171008.0,0.27727310104695224,16.984281218251624,17.55521187213441,-53687779328.0,-0.06454718703702347,1.3440818571270141,0.6273203571881073,22.75665414430233,63.15687355703196,4,0.12732707491340697,0.9112456194456783,0.8584301360155642,0.0,0.08895616249219196,0.0032861598596385377,Basic Materials,0.0375677389128067,0.0,0.3220632618026603,,0.4,0.022467678684464344,0.08,33.99227528089887,46.44978910071984,48.56412026865859,27.502614918945444,40.337078651685395,43.06179775280899,39.876700871472785,0.0,1.0,1.9,generic,2026-10-09 01:34 UTC
1088.HK,CHINA SHENHUA,941755203584.0,0.35078123940376243,35.1155427131331,14.484834702223491,-38039994368.0,-0.04039265641775349,1.6426671996619966,0.5283549058062537,34.26582809224319,47.76757128019846,4,0.09040201277651942,0.8358922540655644,0.5044750137183296,0.0,-0.05051267911068136,0.0,Energy,0.06317883859156503,0.14291867677463818,0.11926980038764445,,0.44,0.03526377212436103,0.323,44.09585674157304,46.970870610188065,42.38434498775972,16.130948477900365,17.19101123595506,69.80337078651687,39.74644095334895,0.0,1.0,0.0,generic,2026-10-09 01:34 UTC
KO,Coca-Cola Company (The),377634717696.0,0.6162574831563797,42.34248941928984,33.982524889011906,-27889998848.0,-0.0738544353606062,2.60389458570982,0.3503983661510329,10.672309552599758,13.425271908699514,4,0.11046911829123297,0.9559458501074237,0.40405889982452126,0.7208582771879324,0.03689014114187783,-0.0020367359730929513,Consumer Defensive,0.02912470566028283,0.007746873249953332,0.0458745659169667,,0.42,0.0168586128230249,0.375,74.54880617977528,17.056678019280735,44.912434875400166,39.35605836266414,32.69662921348315,35.58988764044944,39.047951766769316,0.0,1.0,0.0,generic,2026-10-09 01:34 UTC
NTRS,Northern Trust Corporation,30828025856.0,,,8.232913548551856,-6340300800.0,-0.20566677962500798,,,,,3,0.5885560941828255,0.9042590027700831,2.7401116932465888,,0.06147673310710999,-0.036656314918770194,Financial Services,0.05037056239842801,0.17118263473053894,0.11996658000866744,,0.4,0.03025420682660728,0.279,26.40449438202247,10.674157303370785,55.150335823237704,55.086864311177294,58.764044943820224,59.353932584269664,38.936203964688076,0.0,0.62,0.0,generic,2026-10-09 01:34 UTC
JBL,Jabil Inc.,31348105216.0,0.08878598751761627,64.85518053230712,9.507125191765388,-2280999936.0,-0.0727635664191845,1.5971394923388667,0.5413776296525337,7.068027210884353,17.246281626446283,4,0.039326219716797534,0.9842963559492651,1.7838660578386605,0.0,-0.03802902514729234,-0.07429965678689732,Technology,0.030775384775332253,0.526657060518732,0.22423048032006776,,0.52,0.014833081395356771,0.294,37.43591994382023,23.180586602731495,36.76636745966982,66.31539412565995,43.932584269662925,32.3876404494382,38.82826238119083,0.0,1.0,0.0,generic,2026-10-09 01:34 UTC
1810.HK,XIAOMI-W,609174028288.0,0.2226302446456308,33.31574530742869,5.813554384064897,77406027776.0,0.12706718307334772,1.5705864476941043,0.5492735603225914,14.659005402044441,20.788899090063886,3,0.04673921766718741,0.9720762590230404,0.5132440589789654,0.0,0.17757186365200317,0.013165245279312288,Technology,0.03498619197521661,0.0,0.5606313738563523,,0.43,0.02001223183488509,-0.133,26.8530547752809,49.99114775045514,15.8244931266085,35.8013153386016,55.280898876404486,40.50561797752809,38.573773890561945,0.0,1.0,23.6,generic,2026-10-09 01:34 UTC
APH,Amphenol Corporation,210396282880.0,0.3688162219037268,34.30262598868103,4.458321228184055,-13392199680.0,-0.06365226370295844,1.9877319532411912,0.4468810478178913,16.22756933115824,25.54472322740307,4,0.18957163331846702,0.9568472420079066,1.0252441280472098,0.0,0.2230660589034148,0.01026196248033906,Technology,0.012505686716436346,0.0,0.012074020104512861,,0.43,0.00712986809455831,0.418,35.33620084269663,33.37731089135584,55.58659217877096,41.04870940926627,59.5505617977528,12.106741573033709,38.15149266769664,0.0,1.0,0.0,generic,2026-10-09 01:34 UTC
STX,Seagate Technology Holdings PLC,176189784064.0,0.45576055760557604,8.635341046028804,4.23895038701188,-2193999872.0,-0.012452480622843837,0.8658373525483827,0.89618795939764,13.992957746478874,15.35135135135135,4,0.25461254612546125,0.9533415334153341,0.9751884422110553,0.18586852535192008,0.18203419083564842,0.03057542145851766,Technology,0.006326984313659599,0.0,0.2917717913196233,,0.39,0.003854814995370187,0.099,25.93662219101124,39.015553664849314,65.69895172933275,44.32794732299986,53.37078651685393,4.8033707865168545,38.09462879382091,0.0,1.0,0.1,generic,2026-10-09 01:34 UTC
9988.HK,BABA-W,2129509744640.0,0.39811071927476627,42.014640117314556,30.379112310511427,119166992384.0,0.05595982487703786,2.6783435025716638,0.3414899922505002,14.212192382313898,13.304904634238751,3,-0.04955112487422705,0.8759981243955571,-0.48965171055679974,0.0,0.05624715260175872,-0.03265085327956063,Consumer Cyclical,0.04537347163740472,0.20380603955145302,0.39752254322764957,,0.43,0.025708017943109774,0.036,60.49508426966291,34.458012849133084,11.611009980541082,14.868257263604981,55.28089887640449,52.30337078651686,37.69553221033481,0.0,1.0,5.8,generic,2026-10-09 01:34 UTC
0288.HK,WH GROUP,92377579520.0,0.17794191108256618,52.8655728561379,14.093811115711468,-1147000320.0,-0.012416436173797682,1.4282805596188408,0.5958479315443617,18.307692307692307,16.80089261778936,4,0.06832940840647969,0.9781988153857133,1.2220804084237396,0.0,-0.0013048960230386264,5.079159606236061e-07,Consumer Defensive,0.014013140490650517,0.5408759124087591,0.33518006832992875,,0.5,0.007023953635076228,0.164,42.13044241573033,37.79760634301134,40.13715397652376,57.30903159689319,22.02247191011236,12.5561797752809,37.19591751206815,0.0,1.0,0.0,generic,2026-10-09 01:34 UTC
CSX,CSX Corporation,87696162816.0,0.3324581322736304,33.572399943025374,50.58785415900449,-18061000832.0,-0.20594972746863224,2.8474602034493555,0.32284514870809067,5.4656398104265405,505.45454545454544,4,0.12141640647175703,0.794067556060176,0.5922464520595362,0.0,-0.01737875164321634,-0.03445164732944617,Industrials,0.040312482171169756,0.16743515850144092,0.11065187751833261,,0.44,0.022587574755630994,0.329,57.42626404494382,26.585752835123955,47.159625886636114,16.651457480201707,40.78651685393259,44.8876404494382,36.901073527304874,0.0,1.0,0.0,generic,2026-10-09 01:34 UTC
MPC,Marathon Petroleum Corporation,135265918976.0,0.07537358985372912,28.67518233348668,16.056396561708773,-26524000768.0,-0.1960878317967596,2.2271871364798383,0.4036836722077573,5.968130311614731,22.016060462919228,4,0.035923405602152236,0.9737300205728755,1.177909562638992,0.0,-0.09232974945771899,-0.13424797764883212,Energy,0.05856796789593121,0.6441483317839066,0.0,,0.53,0.027254209435505466,0.535,25.612710674157302,19.186607665351588,36.48546858326533,53.71961776177745,42.134831460674164,60.926966292134836,36.81514481136345,0.0,1.0,0.0,generic,2026-10-09 01:34 UTC
GEV,GE Vernova Inc.,266160455680.0,0.19793527372071032,24.645940803231536,25.92139515382732,9000000000.0,0.03381418917775126,0.9472879906731776,0.8352209391474378,14.173469387755102,24.835665473478684,3,0.0974571818850478,0.9664547651570873,0.7596232596232596,0.0,0.08682326316822997,-0.005571909894025007,Industrials,0.0030639412527173502,0.0,0.14938802236345272,,0.38,0.0019028480508559826,0.23,37.041783707865164,51.635450328641674,22.004268407507375,37.32426105404765,50.89887640449439,2.8089887640449436,36.44100556264361,0.0,1.0,0.0,generic,2026-10-09 01:34 UTC
0968.HK,XINYI SOLAR,17124456448.0,0.21384348447670515,17.35765651651882,4.983504835716697,-7258416640.0,-0.4238626003716296,2.9598959516476384,0.3115365778403815,4.390710092963833,88.85740659042054,1,0.14979015552535802,0.8786527444010315,3.0,0.0,0.04768586275580056,0.00931039838353187,Technology,0.13239385373724097,0.7376276297532292,0.53125,,0.56,0.05871883598438034,0.025,16.754740168539325,20.539841677691754,22.741824116502418,47.68604526956139,27.078651685393258,95.1685393258427,35.495465840421936,0.0,1.0,4.9,generic,2026-10-09 01:34 UTC
COP,ConocoPhillips,161207484416.0,0.2508821932681867,17.42809691851789,6.164563398513019,-15597999104.0,-0.09675728866129421,0.8696788326124801,0.8931132489722604,11.264395782643957,26.785839544979684,4,0.12287934310532031,0.7870351520086862,0.9067351026539809,0.0,-0.09106174739359629,0.0003572194097987147,Energy,0.07268583119728296,0.4134368308351178,0.04978047527637508,,0.48,0.03811359540857661,0.426,21.343047752808992,37.7397455805975,47.440524763040614,22.65829381430215,14.15730337078652,76.0112359550562,35.38317283905789,0.0,1.0,0.0,generic,2026-10-09 01:34 UTC
TFC,Truist Financial Corporation,56414699520.0,,,2.7264846178808875,-22833004544.0,-0.4047350200971167,,,,,4,0.28244500221467594,0.9722427284807323,1.0814019219898248,,0.005741435027416086,-0.016437330033734487,Financial Services,0.06777488903657995,1.0,0.17254973716456246,,0.55,0.030714356912922285,0.374,6.741573033707865,3.932584269662921,69.63153599899567,61.20391679075854,37.19101123595506,67.30337078651687,34.860129791654224,0.0,0.62,0.0,generic,2026-10-09 01:34 UTC
OXY,Occidental Petroleum Corporatio,60258140160.0,0.3493261705182235,16.09612632289348,5.960574147995771,-10475999744.0,-0.1738520259036153,1.0661904272792773,0.7597684797534346,3.8285449490268766,13.033237774404606,4,0.1901079053396934,0.702357245403603,1.7648323301805675,0.0,-0.16155184276526158,0.0309510314336483,Energy,0.09700764053584757,0.6470234515935057,0.0899758344909688,,0.49,0.04931604883600616,0.402,24.29950842696629,18.371354035868542,56.148389931579935,37.92599382783945,2.921348314606743,88.28651685393258,34.72647177610318,0.0,1.0,0.0,generic,2026-10-09 01:34 UTC
NSC,Norfolk Southern Corporation,71198605312.0,0.3634646962233169,34.15112600363469,30.808119064221646,-16081000128.0,-0.22586116761039512,3.028430149069481,0.30502403727705796,5.627525252525253,89.08333333333333,4,0.1770935960591133,0.819047619047619,0.7507831534980857,0.0,-0.015000939727698559,-0.005371626070777014,Industrials,0.03719173975945424,0.44128440366972477,0.10196050663431788,,0.47,0.019751152841660402,0.367,55.219452247191,23.102552738222705,53.620300043939494,19.296306539359687,27.52808988764045,40.95505617977528,34.71248991605964,0.0,1.0,0.0,generic,2026-10-09 01:34 UTC
FCX,"Freeport-McMoRan, Inc.",102158286848.0,0.28157437777349026,32.988311327515724,16.95921047056989,-6279000064.0,-0.06146344322847194,1.0842579236743788,0.7494802783303888,18.26829268292683,61.58490566037736,4,0.043063862627821727,0.8265869187729115,0.5063520871143375,0.0,0.04391666611007472,0.0006988122469917535,Basic Materials,0.023025542739375442,0.4671280276816609,0.10974851546176789,,0.49,0.011833088074234284,0.376,42.33936095505618,47.143133991616295,37.60906408888331,15.60468612511845,30.0,23.98876404494382,34.390201668676525,0.0,1.0,0.0,generic,2026-10-09 01:34 UTC
PNC,"PNC Financial Services Group, I",87639941120.0,,,14.596509512917834,-74504000512.0,-0.8501146801318161,,,,,4,0.1899727000909997,,0.6320645905420992,,0.030076812103055017,-0.008878363462595629,Financial Services,0.06972848135112941,0.07664293991061083,0.1451142482304567,,0.41,0.04143203060615351,0.261,46.06741573033708,2.247191011235955,55.86749105517544,21.910112359550563,36.741573033707866,77.3876404494382,34.01617757830644,0.0,0.56,0.0,generic,2026-10-09 01:34 UTC
SMCI,"Super Micro Computer, Inc.",27666759680.0,0.10821604097086886,25.67708748887846,3.6951217287853795,-1715302400.0,-0.061998673492652395,3.2788120890826224,0.2833814821406282,15.335234923473845,62.14798564215917,2,-0.17847764251618511,0.995852886327015,-3.1257708635869035,0.0,0.7634291720222148,0.07483126346939506,Technology,0.045830909172808486,0.09006251594130477,0.2623318248457853,,0.53,0.021617174347279625,0.266,13.399754213483146,34.49897327224176,6.437135145314167,44.3795609051374,60.561797752808985,46.37640449438203,33.783804036901415,0.0,1.0,0.0,generic,2026-10-09 01:34 UTC
1211.HK,BYD COMPANY,665555435520.0,0.17744529233573883,52.63181655030339,5.873780123461898,2773868544.0,0.004167749816110765,1.068534468194452,0.7584177919666824,16.57930748529289,14.827130280279125,3,-0.12148826640775057,0.8049568560922278,-2.9943359123397384,0.0,0.2376648398673218,0.014438051464247259,Consumer Cyclical,0.044901078340155755,0.18967701027859202,0.35512365752644504,,0.47,0.02391717286139525,0.112,33.4278441011236,41.121979856467526,11.049212227732093,10.60028650416272,57.865168539325836,49.57865168539327,33.74294848134585,0.0,1.0,0.0,generic,2026-10-09 01:34 UTC
TSLA,"Tesla, Inc.",1481080307712.0,0.18026511436616155,23.401833335274585,9.55929460785873,27444001792.0,0.018529718914699497,1.4951185050266926,0.5730269876341174,16.615384615384617,42.65316631310739,4,0.06559313275754795,0.910078353211638,1.6394306800210858,0.0,0.051943257367141005,0.05836839655559167,Consumer Cyclical,0.006499647554474067,0.5246349756650444,0.23450641736294942,,0.48,0.003381227831635894,0.245,22.772998595505616,49.26347298517347,39.85625510011926,44.368392636557466,23.595505617977526,4.438202247191011,33.57776570607464,0.0,1.0,0.0,generic,2026-10-09 01:34 UTC
ECL,Ecolab Inc.,78965768192.0,0.44464343456955946,27.346224642709483,27.648468282874052,-8783499776.0,-0.11123173974124466,3.3655245737594086,0.27658503755105274,9.321032005225343,14.472768536602551,4,0.11841777976767903,0.9348120787005945,0.9174696473308923,0.14881144856519812,0.04264019904644334,-0.002911144924141462,Basic Materials,0.021059758400076935,0.017420943003219086,0.08646020150607492,,0.44,0.01185329410788384,0.351,51.24385533707866,13.953951465271269,46.036030381018136,39.233075208135915,36.067415730337075,23.848314606741575,33.0061088260009,0.0,1.0,0.0,generic,2026-10-09 01:34 UTC
DVN,Devon Energy Corporation,53811998720.0,0.2554689318128927,12.822988731466628,7.357379029705424,-10943000192.0,-0.20335613714962936,1.3326983248351894,0.6318323487858197,7.9738430583501,21.30841121495327,3,0.16272981149639285,0.7722829881312544,1.058667676003028,0.0,-0.03570785468840698,-0.016081632778892296,Energy,0.07105757249226367,0.3770573566084788,0.06049551650356588,,0.46,0.038186960889833796,0.402,21.12886235955056,25.89179163114263,30.15033582323771,27.441020225565182,31.910112359550563,75.0561797752809,32.93791975845045,0.0,1.0,0.0,generic,2026-10-09 01:34 UTC
TXN,Texas Instruments Incorporated,263197999104.0,0.5702409229725144,17.759016305907018,7.9025182481167,-7050999808.0,-0.026789716608802444,1.476050393277311,0.5793573605352655,11.515653775322283,21.30661913061121,4,0.1472118538626852,0.7426761678543151,0.520495900819836,0.5674697432417146,-0.040677564911326236,0.00036778230605349904,Technology,0.02380242259183949,0.262826420890937,0.13265916315818915,,0.45,0.013029681862076911,0.32,39.84989466292135,33.77411306620598,50.249513527085554,24.86442610328956,15.617977528089888,25.730337078651687,32.01663101263935,0.0,1.0,0.0,generic,2026-10-09 01:34 UTC
KEY,KeyCorp,21449285632.0,,,2.3674706124480065,-12502999808.0,-0.5829098470928508,,,,,4,0.28840082361015784,0.9853122855181881,1.148715144887917,,0.012139724073507496,0.057066374348053284,Financial Services,0.05305538000306303,1.0,0.16215087231187275,,0.55,0.023950318703450265,0.386,6.179775280898876,2.8089887640449436,70.75513150461364,70.86819186859798,13.707865168539325,54.438202247191015,31.839586946114757,0.0,0.62,0.0,generic,2026-10-09 01:34 UTC
0316.HK,OOIL,96744693760.0,0.16811694612514033,6.149296606611821,2.756531327494846,4538440960.0,0.04691152334678701,0.869537349174116,0.8932261176795049,84.67065770050844,147.06371784715455,2,-0.0023273863681479256,0.7929133203887809,-0.014950944278858765,0.0,-0.21133971492663717,0.0,Industrials,0.03985755032276821,0.8627377450328617,0.17184847340511145,,0.58,0.016780462146024355,0.407,7.816011235955056,74.53378208241533,8.403427280145628,12.084650928150806,13.820224719101127,38.82022471910113,31.419707805183954,0.0,1.0,0.0,generic,2026-10-09 01:34 UTC
MU,"Micron Technology, Inc.",1169870553088.0,0.39790786023864305,4.506563153602023,1.975200052931295,38255000576.0,0.032700199586203606,0.047582295757520474,3.3604149650583777,21.238993710691823,102.92417152606635,3,0.04462518058751137,0.5757664936593718,0.1953390326736152,0.0,0.06713489726936261,0.008459616388958091,Technology,0.002600928788205098,1.0,0.14644523896030004,,0.59,0.001060514943651347,0.446,19.14852528089888,72.68518899346503,15.543594250204004,10.461529227866523,32.359550561797754,2.247191011235955,30.99532304871422,0.0,1.0,0.0,generic,2026-10-09 01:34 UTC
NUE,Nucor Corporation,55843180544.0,0.11934510986643689,11.955483376225471,9.54540617589997,-4406999808.0,-0.07891742134077828,1.2496039232484863,0.6668427472727402,16.105882352941176,26.500410172272357,3,-0.005785683510801994,0.8946882501384871,-0.10779816513761468,0.0,-0.0783985002595462,-0.03424020416938511,Basic Materials,0.07119490618675317,0.5520441988950276,0.10409839070143556,,0.53,0.03370167199801373,0.423,14.87008426966292,37.65030563097811,12.172807733350071,16.707298823101393,36.51685393258427,71.54494382022473,30.993113573603004,0.0,1.0,0.0,generic,2026-10-09 01:34 UTC
KKR,KKR & Co. Inc.,82716762112.0,0.1799646014086965,10.421951768279019,1.4162050360926526,-8607404032.0,-0.1040587640549254,,,3.3109884225312225,192.3756967935061,2,0.016503671682334815,0.9916301115853229,0.13372703982302192,0.0,0.5112422937117458,0.011609745731390397,Financial Services,0.026165509804040237,0.22942971057246742,0.3726973812532898,,0.54,0.012103103714554463,0.165,8.642907303370787,33.126462391094286,9.246123909359111,44.240803628841206,64.71910112359551,27.69662921348315,30.93960161510098,0.0,0.94,0.0,generic,2026-10-09 01:34 UTC
MMM,3M Company,84361879552.0,0.39911014911014914,55.451917505016006,23.856057922702018,-7856999424.0,-0.09313447573387702,2.028359970406905,0.43891220570444117,5.453488372093023,12.318234759581882,4,0.05595638928972262,0.9635241301907969,0.42953846153846154,0.0,-0.01570080136859997,-0.011645417352082688,Industrials,0.018388044555643426,1.0,0.10991401176632154,,0.57,0.007985226434166827,0.456,63.4278441011236,12.513567683364766,39.01355847090578,30.721783729017194,31.235955056179776,16.51685393258427,30.902728918420046,0.0,1.0,0.0,generic,2026-10-09 01:34 UTC
FANG,"Diamondback Energy, Inc.",53922131968.0,0.3497220175497354,7.069338776766346,4.343109833197083,-12151999616.0,-0.2253620020664536,1.070797953321246,0.7571180720604728,8.071698113207548,18.297029702970296,2,-0.04708955723759126,0.3662669971196999,-0.42247596153846156,0.0,0.15993445004276818,0.16532295722419388,Energy,0.05809766575733922,0.5014979029358898,0.10299971694586008,,0.54,0.026842023707747815,0.435,19.542661516853936,25.160937293462872,7.8416295273366385,9.040790091545958,47.752808988764045,59.43820224719101,26.336773272813872,0.0,1.0,0.0,generic,2026-10-09 01:34 UTC
CEG,Constellation Energy Corporatio,101002412032.0,0.18380135510907453,13.818613549674433,15.104689373350393,-24003000256.0,-0.2376477924942552,3.1061368531187123,0.2979616278372985,7.870841487279844,16.8969696969697,1,0.050444522774448754,0.8845024086476325,0.5554118154376887,0.0,0.01469039149633189,-0.015225459740157432,Utilities,0.018640643942280304,0.3814350493464924,0.258348837023068,,0.51,0.009085841534735984,0.254,24.301264044943817,12.092700189295863,9.820475801895675,20.39891923734263,37.64044943820225,18.005617977528093,19.34710340781185,0.0,1.0,0.0,generic,2026-10-09 01:34 UTC
COHR,Coherent Corp.,59209879552.0,0.3749609626391911,26.840919867124786,6.264220688495585,-1562648832.0,-0.026391690775652264,2.495872242522669,0.3641830033145631,5.455491493532772,13.510593145868954,3,-0.14477982507047799,0.8440496244756912,-1.2802131185419094,0.0,0.1131925802114353,0.11932898743176845,Technology,0.001852520235304126,0.0,0.2917379284392163,,0.49,0.0009508347595145325,0.195,31.27721207865169,16.948415285871267,10.768313351327599,12.832586490625426,39.88764044943821,1.4325842696629214,18.7807862808032,0.0,1.0,0.0,generic,2026-10-09 01:34 UTC
0981.HK,SMIC,486341214208.0,0.20978247735369873,10.991225489006588,5.575079629616068,-1228239872.0,-0.0025254694361039744,2.6541916087851836,0.34432989785350204,3.876508599317629,167.6084477432332,0,-0.5585161640129696,0.09899730872296053,-7.603170780478478,0.0,0.08642735110243716,0.0036827456511074885,Technology,0.0020039156080717963,0.5035452176142033,0.36536313701608325,,0.56,0.0008798476316286274,0.196,14.94118679775281,36.133937126097116,1.963153599899567,6.395941032387979,38.764044943820224,1.3764044943820224,18.663042442987603,0.0,1.0,0.0,generic,2026-10-09 01:34 UTC
0001.HK,CKH HOLDINGS,261975048192.0,0.49709323087031665,58.271022524978505,30.997506037163735,-137646997504.0,-0.5254202583565107,6.599558847682722,0.14599480378773744,3.192222130674796,21.115944962411326,4,0.14902369695324888,0.9255988515762259,3.0,0.32364410290105544,0.021793589653788192,0.0,Industrials,0.0850357702145478,0.35932388222464556,0.0756756550556904,债务/EBITDA=6.6过高,,,,,,,,,,,,,,generic,2026-10-09 01:34 UTC
0002.HK,CLP HOLDINGS,192010256384.0,0.3353518598468495,14.036991750902367,12.084662385186759,-61402000384.0,-0.3197850028448614,2.9191763086377276,0.31553940286454135,9.920226130653266,5.076599613371537,3,0.08661864618600741,0.8096525710650094,0.7147276647604762,0.0,-0.04375616762557266,0.0,Utilities,0.039583822984954574,0.10195319077285739,0.04761908404055015,现金仅撑5个月,,,,,,,,,,,,,,generic,2026-10-09 01:34 UTC
0003.HK,HK & CHINA GAS,132764975104.0,0.386508928456383,39.08415244415408,33.48762564663602,-53691699200.0,-0.40441162405929115,5.469213765805388,0.1748492084661883,5.364217252396166,9.307403312113793,4,0.09942514030957382,0.9055411467373997,0.9495798319327731,0.0,-0.037640368281665615,0.0,Utilities,0.043192114452686184,0.07558468884033341,0.08193551340410787,现金仅撑9个月; 债务/EBITDA=5.5过高,,,,,,,,,,,,,,generic,2026-10-09 01:34 UTC
0006.HK,POWER ASSETS,126374535168.0,0.9548676406769854,36.23006947271975,26.431348345267637,42506999808.0,0.3363573187548581,7.241829730718954,0.13347874096760004,29.30701754385965,13583.099903999999,4,0.12773036308404456,0.9998553450021698,0.1415971776779987,1.0,0.04585462400253926,0.0,Utilities,0.0474917671667111,0.0,0.10558074649306781,债务/EBITDA=7.2过高,,,,,,,,,,,,,,generic,2026-10-09 01:34 UTC
0012.HK,HENDERSON LAND,126457036800.0,0.3191018219960374,24.55199011038768,12.936074890695345,-136083998720.0,-1.0761283212355013,23.72940946191009,0.041702444824108044,3.806941431670282,69.45229078044996,4,0.4788081271123888,,2.180258269945162,0.0,0.002472584014703072,2.6646883409808808e-05,Real Estate,0.060196333811294876,0.32015980995572835,0.26297963173315886,债务/EBITDA=23.7过高,,,,,,,,,,,,,,generic,2026-10-09 01:34 UTC
0027.HK,GALAXY ENT,134179938304.0,0.5595165337948604,43.08230032809472,1.083868160338015,10926785024.0,0.08143382060024591,0.1928601920290927,2.2580489689493413,69.55322699017069,9.02462378487721,3,0.21892201475052203,0.9294644596899111,1.0099743623735393,0.5317217793162015,0.6250891095004321,0.0007874301593255861,Consumer Cyclical,0.042530944432770515,0.0,0.3020501520578249,现金仅撑9个月,,,,,,,,,,,,,,generic,2026-10-09 01:34 UTC
0066.HK,MTR CORPORATION,195477127168.0,0.23512124763364284,13.568681483576766,8.38580743917404,-109202997248.0,-0.5586484660895751,4.858286687418864,0.195760351990989,9.333480176211454,146.80719748783864,0,-0.13918687460560714,0.6467321734427116,-0.5041468033696859,0.0,0.050737024181204404,0.0006509364619093905,Industrials,0.06227838610262177,0.20789661137681897,0.1619606202124484,债务/EBITDA=4.9过高,,,,,,,,,,,,,,generic,2026-10-09 01:34 UTC
0101.HK,HANG LUNG PPT,33846054912.0,0.6559798994974875,15.325073282496902,10.67392222067961,-48509999616.0,-1.4332541781346857,9.022704833096821,0.10784339823162778,5.755102040816326,111.76766452747252,4,0.5644221105527638,0.9750753768844221,3.0,0.8532663316582916,-0.012956687122958277,0.03969784690543854,Real Estate,0.08690082219766151,0.4576826196473552,0.36660176976687264,债务/EBITDA=9.0过高,,,,,,,,,,,,,,generic,2026-10-09 01:34 UTC
0267.HK,CITIC,367410020352.0,0.3418597595259262,53.22211604759718,19.395290595255137,-486755008512.0,-1.3248277987782169,8.770444759946345,0.11085927873981549,11.112593383137673,143.47144286550386,1,-0.1001084191386301,0.9696097547520893,-1.6213532181024708,0.0,0.08414662277744012,0.0,Industrials,0.16203025315053926,0.11299687360428763,0.09202011121584086,债务/EBITDA=8.8过高,,,,,,,,,,,,,,generic,2026-10-09 01:34 UTC
0322.HK,TINGYI,68437872640.0,0.34820276647365733,30.885548787639124,37.23498429425534,2299459584.0,0.033599226499860996,1.771455378087401,0.49469308639706383,22.7131190464316,11.409185351127217,4,0.06437546901072091,0.960646252159944,1.1309448001176707,0.0,0.0014824451185073695,0.00013913171160218063,Consumer Defensive,0.051086114531803194,0.0,0.13532760852511483,现金仅撑11个月,,,,,,,,,,,,,,generic,2026-10-09 01:34 UTC
0386.HK,SINOPEC CORP,547293593600.0,0.1684485173372752,71.79982070059025,26.7328486178612,-381174972416.0,-0.6964725640377019,3.574127359011876,0.2614975669268484,3.375583794938634,5.35782576583973,2,0.010378710970640085,0.951963726457283,0.8889949501170095,0.0,-0.05696748039491284,-0.00011927755606133683,Energy,0.09439997216148667,0.33639837348535934,0.1987632562418491,现金仅撑5个月,,,,,,,,,,,,,,generic,2026-10-09 01:34 UTC
0669.HK,TECHTRONIC IND,219069644800.0,0.41232828029534063,56.74166159965565,45.069530928006635,550658048.0,0.0025136209469035485,0.9149814593709135,0.8583827596191935,14.478646011197004,5.144055459372813,4,0.0910457744676721,0.9613444919972322,1.1594116302009356,0.04109426765113537,0.04809101696090701,-0.0009980718427633484,Industrials,0.004990951626356953,0.09358956505593465,0.18864094014778432,现金仅撑5个月,,,,,,,,,,,,,,generic,2026-10-09 01:34 UTC
0688.HK,CHINA OVERSEAS,145566957568.0,0.15506363557373987,30.613477348692243,9.089526670631423,-116808933376.0,-0.8024412636462089,11.82055323890108,0.0828462440956883,36.05130900203583,178.8875566563342,3,0.09820663504785701,0.9986553354711125,1.3007005019073867,0.0,-0.023144477087485904,-1.416186801161956e-08,Real Estate,0.13258748635303483,0.38946671156087403,0.1944276192396137,债务/EBITDA=11.8过高,,,,,,,,,,,,,,generic,2026-10-09 01:34 UTC
0762.HK,CHINA UNICOM,170124886016.0,0.6883711562045061,55.500569105263324,34.062256794874806,47724003328.0,0.28052335225965486,0.4245374789702653,1.482497312864778,20.414950419527077,3.8259082666537636,4,0.05745201071839234,0.8275445346142373,1.082532667179093,0.9612371873483535,0.03385049329985512,0.0,Communication Services,0.11300521899066499,0.0,0.4355330225936571,现金仅撑4个月,,,,,,,,,,,,,,generic,2026-10-09 01:34 UTC
0823.HK,LINK REIT,93462831104.0,0.7339647008179079,60.286681674072646,15.861986951547197,-54994000640.0,-0.5884050374935238,6.077670859146467,0.15803603288791934,-2.3864423552696685,54.5862494185766,4,0.6042473812598651,0.9972018941024537,,1.0,0.04442516639796579,0.00585145037124013,Real Estate,-0.007468209466320427,1.0,0.14616841257341573,利息覆盖-2.4x过低; 债务/EBITDA=6.1过高,,,,,,,,,,,,,,generic,2026-10-09 01:34 UTC
0836.HK,CHINA RES POWER,102091579392.0,0.517923548541054,13.294061955687964,32.65591424489042,-197476726784.0,-1.9343096459087052,5.909349191741126,0.1623548152361402,6.196029369686989,12.658834366635315,0,-0.02477198335635692,0.5375166118716463,-0.1708900115254984,0.3930784951368468,-0.004196856777821889,0.02478465840930255,Utilities,0.1182729204691507,0.0,0.09124430322447385,债务/EBITDA=5.9过高,,,,,,,,,,,,,,generic,2026-10-09 01:34 UTC
0857.HK,PETROCHINA,1775303393280.0,0.21586828134638567,57.27366713602078,32.06122151171264,-114813992960.0,-0.06467288543164047,0.8197857145305475,0.9347666419707505,13.873512836568565,9.071513227452572,4,0.04179518088692878,0.8977859421763684,0.7610901323568677,0.0,-0.04014949931736134,0.0,Energy,0.08901717903440924,0.044778838446403846,0.19368245847255616,现金仅撑9个月,,,,,,,,,,,,,,generic,2026-10-09 01:34 UTC
0868.HK,XINYI GLASS,35507953664.0,0.31119053451113915,51.75853149885416,12.90474800856787,-1801220096.0,-0.05072722897648085,0.7919731373096571,0.9597176397291485,24.69692644011942,8.237899861684468,4,0.18681719643570263,0.9313322272480109,1.4258747880178995,0.0,-0.02874507466809051,0.024926977482292223,Basic Materials,0.10919063146261511,0.3100344186882808,0.3127677459012843,现金仅撑8个月,,,,,,,,,,,,,,generic,2026-10-09 01:34 UTC
0881.HK,ZHONGSHENG HLDG,6012164608.0,0.053756397342274394,42.77402469303861,28.86124435752948,-15022988288.0,-2.4987652979444173,22.376741027747727,0.04419549411794105,-0.34730194764600797,20.267059635131943,4,0.03932995241437423,0.9821228666837775,,0.0,-0.029502255414432077,-0.005060734389713439,Consumer Cyclical,0.5507623652875208,1.0,0.827796612755727,利息覆盖-0.3x过低; 债务/EBITDA=22.4过高,,,,,,,,,,,,,,generic,2026-10-09 01:34 UTC
0941.HK,CHINA MOBILE,1723853832192.0,0.5822743949410915,61.67437936075099,26.15135648814046,223896002560.0,0.12988108294268816,0.38065231197727994,1.5856597700636452,56.17059377945335,8.535526887157989,4,0.0723375932095903,0.8505494735699451,0.5541267004631825,0.6075813164703048,0.03864947562255727,0.0043775407979604886,Communication Services,0.07725321457832707,0.009235905848684353,0.1052335243071999,现金仅撑9个月,,,,,,,,,,,,,,generic,2026-10-09 01:34 UTC
0960.HK,LONGFOR GROUP,37114208256.0,0.09695811052978436,19.602467989241262,29.003170228876456,-136141914112.0,-3.668188559296314,246.5711276366334,0.004051517021963314,6.870839030732331,42.97164677761851,4,0.22431696732019588,0.9995029012380207,3.0,0.0,-0.2704132747027709,0.029920728488595616,Real Estate,0.3276041729391971,0.9017562541756116,0.4957825608273495,债务/EBITDA=246.6过高,,,,,,,,,,,,,,generic,2026-10-09 01:34 UTC
0992.HK,LENOVO GROUP,406128558080.0,0.1541918822195316,58.09009026470358,6.7954615492748704,-548748288.0,-0.0013511689268891711,1.7008521802619225,0.512596500194976,4.9047100908790435,7.688668846114329,3,0.026057689987024305,0.9776228232579759,1.1322105012105437,0.0,0.10276487021198366,0.007543167546381513,Technology,0.003640856991171577,0.3714672063951355,0.128791908375808,现金仅撑8个月,,,,,,,,,,,,,,generic,2026-10-09 01:34 UTC
1038.HK,CKI HOLDINGS,164404609024.0,0.5355364418288818,32.98948408973066,24.844160064085337,33624002560.0,0.20451982921653689,24.833714495412845,0.03986650382992016,11.42806603773585,298.80541405405404,4,0.42485287460389315,0.923947487550928,0.22710223835450696,0.45178813942960605,-0.1258916122074316,0.0,Utilities,0.04889613525875356,0.0,0.031180378941329967,债务/EBITDA=24.8过高,,,,,,,,,,,,,,generic,2026-10-09 01:34 UTC
1044.HK,HENGAN INT'L,22602665984.0,0.33837263543349266,59.777331439022355,19.87421073385107,767766528.0,0.03396796327227449,5.236754920672036,0.18225709266371182,12.0477935346878,51.471680571735455,4,0.09504315101013405,0.9545447156512095,0.8648904734310646,0.0,0.006632505058264293,-0.00707735192958725,Consumer Defensive,0.1057327043496428,0.17925087831494932,0.33434961674052477,债务/EBITDA=5.2过高,,,,,,,,,,,,,,generic,2026-10-09 01:34 UTC
1099.HK,SINOPHARM,45873643520.0,0.07245191302642932,65.94437700101109,17.702224693798392,-50271303680.0,-1.0958646364787377,4.322592395785057,0.2186943233605917,7.434360262824155,15.14834755953284,4,0.021769053002937435,0.9971880453261127,1.7499225027651628,0.0,0.013708662672339056,0.0,Healthcare,0.17321597741709094,0.22135300692750856,0.33060107367403657,债务/EBITDA=4.3过高,,,,,,,,,,,,,,generic,2026-10-09 01:34 UTC
1109.HK,CHINA RES LAND,218206748672.0,0.21228266052383105,31.609384224954628,10.730185458418353,-214835601408.0,-0.9845506736866907,7.997048662597356,0.12125549889565661,19.261518677729626,93.34548282950679,3,0.13464376695411848,0.9968046448330864,1.4908549743653339,0.0,0.10771490784500637,0.0,Real Estate,0.12649416055178975,0.18595746289889373,0.20312502173085922,债务/EBITDA=8.0过高,,,,,,,,,,,,,,generic,2026-10-09 01:34 UTC
1928.HK,SANDS CHINA LTD,89269977088.0,0.5821577320972726,28.018743755810156,0.7012734990284765,-5581999936.0,-0.06252942050715898,3.1736555169640095,0.2920854610065351,3.7808641975308643,3.3558987840946433,3,0.20986161494021227,0.9270455461507456,1.7433035714285714,0.607192440324242,0.6675965734870117,7.854279499897032e-06,Consumer Cyclical,0.0029433187794031574,0.14258373205741626,0.49588664734735133,现金仅撑3个月,,,,,,,,,,,,,,generic,2026-10-09 01:34 UTC
1929.HK,CHOW TAI FOOK,106556375040.0,0.323102933948033,19.842082713015195,6.862609338663235,-18403099648.0,-0.17270763613243875,1.3992705158941516,0.6063286709869122,15.780747339767384,8.119534475173413,4,0.007665384159053544,0.9937138765063814,0.08036160501093922,0.0,-0.00100786910459294,-0.004522266734952596,Consumer Cyclical,0.06288572595947048,0.08982505808317819,0.3505712125221172,现金仅撑8个月,,,,,,,,,,,,,,generic,2026-10-09 01:34 UTC
1997.HK,WHARF REIC,91208269824.0,0.7829886851346078,55.313423445788644,19.311335760131545,-30054000512.0,-0.32950960006141644,3.3775154811078965,0.2756707738969002,-1.271858927259368,35.07153284671533,4,0.5249317206398751,0.9968006242684354,,1.0,0.009435269633323529,2.4958424063470375e-05,Real Estate,-0.020436743330367595,1.0,0.10221154400845112,利息覆盖-1.3x过低,,,,,,,,,,,,,,generic,2026-10-09 01:34 UTC
2318.HK,PING AN,925300490240.0,,,15.420779722021695,1580544032768.0,1.7081413545539634,6.509725489527035,0.14793500143597813,9.588551066685177,,4,0.7008125963206846,0.9909956999213269,3.0,,0.06698485589880865,-0.003157243172297264,Financial Services,0.1237592557313979,0.2282988613433266,0.3042886235906913,债务/EBITDA=6.5过高,,,,,,,,,,,,,,generic,2026-10-09 01:34 UTC
2319.HK,MENGNIU DAIRY,67105619968.0,0.3989113665151258,34.80789101392031,12.12078406595534,-7361304576.0,-0.1096972888337864,3.9589517455853254,0.2375888488265225,3.9961699795622363,10.815222777425271,4,0.07657423901948307,0.9701784586296271,3.0,0.0,-0.03873488624440857,-0.006936094811383797,Consumer Defensive,0.043819079555515776,0.978269345173425,0.10504639070612465,现金仅撑11个月,,,,,,,,,,,,,,generic,2026-10-09 01:34 UTC
3690.HK,MEITUAN-W,422771097600.0,0.3042543017927469,19.874780415648278,11.596656226795211,72496873472.0,0.17148020260503258,,,-12.170138756325905,14.33999403555904,3,-0.0742369649756454,0.9636274211984623,,0.0,0.18375571282859937,-0.004559579246473211,Consumer Cyclical,0.011603135899893645,1.0,0.35438264858497737,利息覆盖-12.2x过低,,,,,,,,,,,,,,generic,2026-10-09 01:34 UTC
9618.HK,JD-SW,300480561152.0,0.16043877975838086,54.96038547335574,20.583381954340666,116354007040.0,0.38722640357803906,8.925919612438815,0.10898090243122953,10.034249018908312,12.891198123467321,4,0.0036720304640264,0.9891649510917931,0.2448678111150731,0.0,0.07757141521924282,-0.04375199612563152,Consumer Cyclical,0.07948683904353467,0.5253511932106676,0.18938833843927438,债务/EBITDA=8.9过高,,,,,,,,,,,,,,generic,2026-10-09 01:34 UTC
9888.HK,BIDU-W,223726387200.0,0.43882428590243183,25.291971822765582,16.132291574076884,53354004480.0,0.23847881846992075,4.825276891850681,0.19703358482877842,3.4123563218390807,43.111160144524156,3,-0.12728639050503954,0.896055903748867,-2.939702988012167,0.12941428634143937,0.014357919775069172,-0.008968571352391153,Communication Services,0.06394306089255081,0.7647727272727273,0.48816198426243673,债务/EBITDA=4.8过高,,,,,,,,,,,,,,generic,2026-10-09 01:34 UTC
A,"Agilent Technologies, Inc.",47411978240.0,0.5243235463442717,39.898508234937964,17.507740444536285,-2390000000.0,-0.05040920224635621,1.9942307692307693,0.44558697514995715,13.8125,9.748613678373381,4,0.16580310880829016,0.9414219919401267,0.884113584036838,0.41441182114757225,0.004844098070605929,-0.01368428456878501,Healthcare,0.02681811742938993,0.011164274322169059,0.034929571037406903,现金仅撑10个月,,,,,,,,,,,,,,generic,2026-10-09 01:34 UTC
ABBV,AbbVie Inc.,481398128640.0,0.7023544800523218,23.153317898146053,13.792517134325774,-64315999232.0,-0.1336025119451532,2.30422909372987,0.3915075599345428,3.2803318354649154,3.447539874568117,4,0.29130150425114454,0.9801504251144539,3.0,1.0,0.017525049181538188,-0.00024598574346090807,Healthcare,0.013088438913961458,0.589134842852315,0.0,现金仅撑3个月,,,,,,,,,,,,,,generic,2026-10-09 01:34 UTC
ABT,Abbott Laboratories,171551162368.0,0.5641806533116765,66.27703978644044,13.772921764504835,-27116999168.0,-0.1580694574941465,2.801129845141155,0.3277474413592965,18.17241379310345,3.965321874026893,4,0.1668245804006497,0.9510241833604043,1.133507050889025,0.5472688443722551,0.005127944169646348,-0.00022937961936086992,Healthcare,0.04748146201730083,0.513206984032234,0.25939535544932557,现金仅撑4个月,,,,,,,,,,,,,,generic,2026-10-09 01:34 UTC
ADBE,Adobe Inc.,93816659968.0,0.8926753334174765,59.18883821207799,81.43658011777589,-1144999936.0,-0.012204654657185078,0.6843803596855617,1.0702279747580747,34.20912547528517,5.411125196930946,4,0.41448946106272877,0.9924691825486979,1.3817671809256662,1.0,0.10522339932516123,-0.036682702337018314,Technology,0.0609539926272213,0.0,0.3532549751215306,现金仅撑5个月,,,,,,,,,,,,,,generic,2026-10-09 01:34 UTC
ADI,"Analog Devices, Inc.",196699652096.0,0.614669518890112,27.74677415312812,5.661816652611393,-6839126784.0,-0.034769389325925895,1.3237695715521896,0.6354170382222554,9.536277681954953,7.39835371500731,4,0.38827257385337016,0.9515820157468796,1.887077467801505,0.71556506296704,-0.028383891841526898,-0.013024453647741852,Technology,0.012666208218731592,0.50664232169455,0.0794648997509092,现金仅撑7个月,,,,,,,,,,,,,,generic,2026-10-09 01:34 UTC
ADM,Archer-Daniels-Midland Company,39737311232.0,0.06270166564925438,60.273612160199036,46.68723846711978,-8249000192.0,-0.2075882825548895,3.119198640524637,0.2968064832901287,3.0506535947712417,3.634247501246883,4,0.052373892785508726,0.9844522792111525,3.0,0.0,-0.07541376844907977,-0.042619368787588874,Consumer Defensive,0.0673233773765159,0.48320413436692505,0.07662618095826379,现金仅撑4个月,,,,,,,,,,,,,,generic,2026-10-09 01:34 UTC
ADP,"Automatic Data Processing, Inc.",107277189120.0,0.46416432014726117,61.25920638175136,83.66644888657557,-1284599808.0,-0.011974584891137013,0.8601665485400549,0.9007657466486164,13.47615937295885,11.51517617530965,4,0.21761575403009012,0.9696957270565079,1.0821570182394924,0.21388106715753716,0.06808407405467554,-0.011703202457392092,Technology,0.03648771963647811,0.0,0.08167528206837582,现金仅撑12个月,,,,,,,,,,,,,,generic,2026-10-09 01:34 UTC
ADSK,"Autodesk, Inc.",48822403072.0,0.9097973910630031,82.72768671814367,23.233857965201977,450000128.0,0.009217082726066762,1.620734789390178,0.5345493148849709,25.267605633802816,10.470390753464931,4,0.32972522897585343,0.9894532334165973,2.113879003558719,1.0,0.12918055811635742,-0.0046729653822610295,Technology,0.02030317922979275,0.0,0.2503109623739178,现金仅撑10个月,,,,,,,,,,,,,,generic,2026-10-09 01:34 UTC
AEE,Ameren Corporation,28193716224.0,0.47403113990226164,30.10783021189876,10.23167480696673,-21796001024.0,-0.7730801023472769,5.577493685442662,0.17160035754273648,3.0579896907216493,0.06713286713286713,0,-0.09330605750653484,0.5256279122627572,-0.5638736263736264,0.24677046634087207,0.03409709923004489,0.017994853597968152,Utilities,0.04313017802757324,0.0,0.1436781612901208,现金仅撑0个月; 债务/EBITDA=5.6过高,,,,,,,,,,,,,,generic,2026-10-09 01:34 UTC
AEP,American Electric Power Company,66590687232.0,0.6100749680014628,31.30079493663635,14.645440956636554,-52922000192.0,-0.7947357564823037,5.928120395813588,0.1618615267966644,2.8381046396841065,0.9089310388142193,0,-0.07492228926677638,0.6076522216127263,-0.45782122905027933,0.7002498933382092,0.036603082441915236,0.017213303826422832,Utilities,0.04153058205218554,0.04299583911234397,0.11976350362650656,利息覆盖2.8x过低; 现金仅撑1个月; 债务/EBITDA=5.9过高,,,,,,,,,,,,,,generic,2026-10-09 01:34 UTC
AES,The AES Corporation,10647444480.0,0.1807406196354124,54.89005369607521,40.1013554101304,-31089999616.0,-2.919949446498546,8.094102829472932,0.11984511941389467,1.0533049040511726,92.26555697925312,0,-0.1326739148205673,0.5153273931169786,-1.7835164835164836,0.0,-0.010249740650209005,0.021208687748264676,Utilities,0.05381573025117103,0.4580107206670637,0.1359953870421936,利息覆盖1.1x过低; 债务/EBITDA=8.1过高,,,,,,,,,,,,,,generic,2026-10-09 01:34 UTC
AJG,Arthur J. Gallagher & Co.,59996610560.0,0.4257638789269832,83.89266598834264,29.21486131843881,-12720000384.0,-0.21201198309826655,3.2896456119402986,0.282514158091617,3.928012519561815,4.920710059171597,4,0.12803041170563764,0.9895997704776933,1.1947791164658634,0.08587959642327725,0.17699918642049317,0.06643417865842549,Financial Services,0.02100618665348818,0.12942021181116495,0.252296454452971,现金仅撑5个月,,,,,,,,,,,,,,generic,2026-10-09 01:34 UTC
AKAM,"Akamai Technologies, Inc.",14501006336.0,0.589486416320614,48.31427929917467,74.74944661536782,-5983599616.0,-0.4126334047000033,8.648026604705654,0.11238446954869269,20.584674404239408,21.736238304488182,4,0.16616823207209777,0.8052599998811837,1.5469403647095,0.6316213877353801,0.05178977181914113,-0.025757008363031297,Technology,0.034967400761778414,0.10474374056777536,0.35081295142991253,债务/EBITDA=8.6过高,,,,,,,,,,,,,,generic,2026-10-09 01:34 UTC
ALB,Albemarle Corporation,12048316416.0,0.13003183326841972,6.206140227110829,3.1424138825332375,-367250048.0,-0.03048144116735654,1.3483843471850505,0.625631752313592,-1.6586580368021344,32.555949999501195,2,0.13464941695398147,0.8853137038224617,,0.0,-0.11101948515436078,0.0015562362333689794,Basic Materials,0.0533936632960354,1.0,0.5234672000425735,利息覆盖-1.7x过低,,,,,,,,,,,,,,generic,2026-10-09 01:34 UTC
ALGN,"Align Technology, Inc.",10018750464.0,0.6718803439138491,43.10402148868652,45.100502800955574,981748976.0,0.09799115962890599,0.1305465687381084,2.6277992817436187,,6.2243398707815105,4,0.1216313206264046,0.9746106780630509,1.1959956232591122,0.9062678130461637,0.026117671821406674,-0.026143326462560457,Healthcare,0.040881819691162634,0.053231862272583266,0.2918333299212029,现金仅撑6个月,,,,,,,,,,,,,,generic,2026-10-09 01:34 UTC
ALLE,Allegion plc,12754667520.0,0.4519705947434416,35.87597607611029,22.85893755254497,-1901699904.0,-0.14909835172246028,2.117888088985437,0.4223172558921344,8.607920792079208,3.9305271761340412,4,0.16858849851252675,0.9758808054483318,1.0650823237030134,0.1732353158114719,0.07523170466176188,-0.006822088834272266,Industrials,0.04389961550326637,0.0,0.17722645521031566,现金仅撑4个月,,,,,,,,,,,,,,generic,2026-10-09 01:34 UTC
AMCR,Amcor plc,19346286592.0,0.19952352590827874,61.950651216957596,3.578505873104076,-14024999680.0,-0.724945307374882,4.281674135746607,0.220669000030658,2.896449704142012,5.367027985559567,4,0.05228452310048498,0.9607759720922318,1.1112115732368897,0.0,0.1695341262686505,0.16864645270490697,Consumer Cyclical,0.04387146835460257,0.30343511450381677,0.18426261708435265,利息覆盖2.9x过低; 现金仅撑5个月; 债务/EBITDA=4.3过高,,,,,,,,,,,,,,generic,2026-10-09 01:34 UTC
AMD,"Advanced Micro Devices, Inc.",1013244559360.0,0.4951644100580271,33.32094218287064,6.013924911128152,8835000064.0,0.008719513943978628,0.4471867630496008,1.4343358953429466,32.603053435114504,11.690593012929114,4,0.19443401945783653,0.9718814053523485,1.5536332179930796,0.31721470019342357,0.13643599335368428,0.003708315763015335,Technology,0.0020108669532723222,0.353030303030303,0.005481810927099651,现金仅撑12个月,,,,,,,,,,,,,,generic,2026-10-09 01:34 UTC
AME,"AMETEK, Inc.",56732327936.0,0.3604103759487083,66.80809549485198,53.97327704208446,-1815497984.0,-0.032001119115860566,0.924125504476782,0.8516977070910521,23.1323134861053,7.852568267729639,4,0.2258463453349468,0.9824015729519711,1.1292936758770442,0.0,0.06364055992660522,-0.0014704668007716748,Industrials,0.023483065977883303,0.0,0.03829488750272536,现金仅撑8个月,,,,,,,,,,,,,,generic,2026-10-09 01:34 UTC
AMGN,Amgen Inc.,220275097600.0,0.6724714973742211,16.41433968753271,17.016770719929934,-43314998272.0,-0.19664046796000603,3.3185079867608214,0.2802291612376948,4.258076225045372,10.73736742381988,4,0.22040216592745776,0.949443552556393,1.0504474127869277,0.9082383245807368,0.11766399097603264,0.002987321704305934,Healthcare,0.02845305741905162,0.3910972160190561,0.06989104045345118,现金仅撑11个月,,,,,,,,,,,,,,generic,2026-10-09 01:34 UTC
AMT,American Tower Corporation (REI,77689520128.0,0.7418315389962986,68.14457641644609,37.767784598322976,-43217400448.0,-0.5562835293202443,6.38519953419659,0.15071136818812836,3.2393703104310725,7.127691711657062,4,0.35544783270390623,0.842135918681773,1.4957896817552876,1.0,0.03340295998443743,0.0005003086286192726,Real Estate,0.02585162061357816,0.1599841431645713,0.1439316049051993,现金仅撑7个月; 债务/EBITDA=6.4过高,,,,,,,,,,,,,,generic,2026-10-09 01:34 UTC
AMZN,"Amazon.com, Inc.",2740370800640.0,0.5028566486824266,29.201809180324247,63.68171248999332,-128647004160.0,-0.046945108351743904,1.4897403092466515,0.5747984309411234,43.79287598944591,5.260862423355374,3,0.010733355278941701,0.8161325328765672,0.09907300115874855,0.3428554956080887,0.11731283601806397,0.01566808924365759,Consumer Cyclical,0.015018131849306084,0.0,0.08485309667685892,现金仅撑5个月,,,,,,,,,,,,,,generic,2026-10-09 01:34 UTC
AON,Aon plc,58784202752.0,0.47703858913916536,69.60974154354643,18.65319915299778,-14776999936.0,-0.2513770578524559,2.690508336140655,0.34007725389157556,6.839263803680981,3.7751646779466594,4,0.18729992433502124,0.9846923927594435,0.8709066305818673,0.25679529713055116,0.11247318365137482,0.014555055034727316,Financial Services,0.04891620308488691,0.009656237929702587,0.29058911427146183,现金仅撑4个月,,,,,,,,,,,,,,generic,2026-10-09 01:34 UTC
AOS,A.O. Smith Corporation,7686989312.0,0.38833481280350896,42.409447605719784,40.5455278933065,-495900000.0,-0.06451160264082334,0.8641061983557463,0.897580501280623,53.97037037037037,2.8648933368448772,4,0.1425513028040311,0.9815153255704663,0.9996338337605273,0.0,0.006729784443180398,-0.028676752155770258,Industrials,0.06088534548491902,0.04132231404958678,0.3122903030558156,现金仅撑3个月,,,,,,,,,,,,,,generic,2026-10-09 01:34 UTC
APA,APA Corporation,15930483712.0,0.40560538116591927,13.992221060085273,5.368103383838257,-3436999936.0,-0.21574987917102614,0.6784964923076923,1.0770099922667369,11.03956834532374,6.138248847926268,4,0.19943946188340808,0.6899103139013453,1.2405857740585775,0.018684603886397477,-0.06959142043384259,0.042470000839612165,Energy,0.13648361464141837,0.7183887915936953,0.07593331545470572,现金仅撑6个月,,,,,,,,,,,,,,generic,2026-10-09 01:34 UTC
APD,"Air Products and Chemicals, Inc",61991198720.0,0.3141319066568084,30.517037154760878,38.97852925437638,-17271199232.0,-0.2786072795593135,3.9274320715695055,0.23938151066674063,-1.0593457943925233,13.448391796481005,1,-0.31284424247962583,0.4165967451172605,,0.0,-0.01766923192508929,0.0011250176777919396,Basic Materials,0.032222316090744565,1.0,0.11480316701339188,利息覆盖-1.1x过低,,,,,,,,,,,,,,generic,2026-10-09 01:34 UTC
APTV,Aptiv PLC,9355743232.0,0.19109716638886165,38.2960231599431,12.791521084914779,-4922999744.0,-0.5262008182483647,1.7581193493719884,0.4979783698178777,3.5457063711911356,4.8548644338118025,4,0.07495832924796549,0.9678399843121874,3.0,0.0,0.052626267311163044,-0.07744644654025057,Consumer Cyclical,0.14654100331769346,0.9076664801343033,0.5012969196587826,现金仅撑5个月,,,,,,,,,,,,,,generic,2026-10-09 01:34 UTC
ARE,Alexandria Real Estate Equities,7847544320.0,0.686740176729736,64.39593825530586,14.482603623139669,-12697329824.0,-1.6180003968426138,7.389570628385881,0.13089740885231976,-4.367166891635568,3.846876819134257,4,0.48012291289991255,,,0.9558005890991199,0.04564958075072889,-0.0004111597151746915,Real Estate,-0.0153335228312543,1.0,0.41941700924805647,利息覆盖-4.4x过低; 现金仅撑4个月; 债务/EBITDA=7.4过高,,,,,,,,,,,,,,generic,2026-10-09 01:34 UTC
ARES,Ares Management Corporation,38572269568.0,0.5419738919093197,25.626345670267128,6.051918737572909,-13020249728.0,-0.33755467007317996,10.398134439487054,0.09391316438414281,2.676820941808042,10.371830967724474,2,0.5703456692353917,0.9871144814890059,3.0,0.4732463063643988,0.22389150252192347,0.07758629725317401,Financial Services,0.010583840530314113,0.02231376732458267,0.35074040390086825,利息覆盖2.7x过低; 现金仅撑10个月; 债务/EBITDA=10.4过高,,,,,,,,,,,,,,generic,2026-10-09 01:34 UTC
ATO,Atmos Energy Corporation,27149703168.0,0.5813101043962529,13.387501239599345,13.293941462312505,-9802913632.0,-0.3610689064016805,3.9339521116032827,0.23900847173339224,9.609338412609652,5.325864554757758,1,-0.32150154537074543,0.24269943894589452,-1.2612621104913935,0.6043670146541762,0.03827025829324082,0.04669132495712103,Utilities,0.035929573298235776,0.0,0.1720317631039785,现金仅撑5个月,,,,,,,,,,,,,,generic,2026-10-09 01:34 UTC
AVB,"AvalonBay Communities, Inc.",26283393024.0,0.6313662037836372,60.68632486949697,50.61021169942642,-9097102552.0,-0.346115988285577,4.945173922233886,0.19248633731399842,5.072304682827831,1.0813925234112123,4,0.4624433317712059,0.9128688059591051,1.3375455744834257,0.7712206792787906,0.054467774166829575,0.00039006301419530764,Real Estate,0.039938669601807954,0.18292977941985,0.0,现金仅撑1个月; 债务/EBITDA=4.9过高,,,,,,,,,,,,,,generic,2026-10-09 01:34 UTC
AVY,Avery Dennison Corporation,12821317632.0,0.28753881768392525,50.379340564054935,16.391459855889828,-3410499872.0,-0.2660022916434054,2.4625459076521676,0.36865735513598946,7.83234859675037,2.317328646748682,4,0.07690136073626559,0.977369996047654,0.9898255813953488,0.0,-0.006824275768766208,-0.016491777236406713,Consumer Cyclical,0.051730252618079745,0.33562277110025096,0.15436817522731505,现金仅撑2个月,,,,,,,,,,,,,,generic,2026-10-09 01:34 UTC
AWK,"American Water Works Company, I",25473081344.0,0.6071984435797665,49.69290966549926,56.02781843952369,-15840999744.0,-0.6218721453473172,5.515962958126203,0.17343156854496608,3.3121951219512193,2.1932367149758454,0,-0.2416342412451362,0.3577821011673151,-1.1179117911791179,0.6906614785992216,0.10670429850805996,0.023840127046384385,Utilities,0.038530870558821706,0.0,0.12411466912883362,现金仅撑2个月; 债务/EBITDA=5.5过高,,,,,,,,,,,,,,generic,2026-10-09 01:34 UTC
AXON,"Axon Enterprise, Inc.",33901185024.0,0.6121955610915365,,51.6489495491394,-1158072960.0,-0.03416025012636443,11.208592976633193,0.08727074973683407,1.201341284832021,4.8310609655499555,4,0.02701206244495484,0.9509781488708907,0.6023055448594532,0.7073185369717883,0.32787263939187605,0.03919027391987484,Industrials,0.006079455625344455,0.669377297538153,0.46539555633781027,利息覆盖1.2x过低; 现金仅撑5个月; 债务/EBITDA=11.2过高,,,,,,,,,,,,,,generic,2026-10-09 01:34 UTC
AZO,"AutoZone, Inc.",47072165888.0,0.5262486365892685,69.2713415962829,32.35897287480493,-12538651968.0,-0.26637083149803503,2.96276524306374,0.3112583473563681,7.438697113369871,0.6156677648915614,4,0.0945196023574353,0.9299183255127578,0.7165344339450823,0.4208287886308948,0.05231525172845841,-0.04487461257716152,Consumer Cyclical,0.05374037825280703,0.061665540501204354,0.3054439465612918,现金仅撑1个月,,,,,,,,,,,,,,generic,2026-10-09 01:34 UTC
BA,Boeing Company (The),148283539456.0,0.04794160714485318,17.731162565799732,4.704590033205152,-29066999808.0,-0.1960231048883549,,,1.950920245398773,23.857805967233386,2,-0.02108134088952975,0.9670142964130423,-0.8438478747203579,0.0,0.10333066303739025,0.09504805767419877,Industrials,-0.028221271324871067,0.0,0.25314292332868293,利息覆盖2.0x过低,,,,,,,,,,,,,,generic,2026-10-09 01:34 UTC
BALL,Ball Corporation,15540808704.0,0.19588177190183118,41.50008338280374,10.152907576936967,-7082000128.0,-0.4557034490860946,3.652215861271676,0.2562646546349987,4.592356687898089,5.05050505050505,2,0.059873869766735054,0.9639844996580806,0.8640350877192983,0.0,-0.005287656768822813,-0.05464873898142719,Consumer Cyclical,0.10208606451681344,0.7724550898203593,0.15171195793834757,现金仅撑5个月,,,,,,,,,,,,,,generic,2026-10-09 01:34 UTC
BAX,Baxter International Inc.,12356204544.0,0.3005158306652437,21.369976689692894,42.29867813223252,-7517000192.0,-0.6083583486524711,5.131104203821656,0.18583546464121634,-0.7413793103448276,8.057464564647095,4,0.02872643187477766,0.9535752401280683,,0.0,0.0378887286798415,0.006466386341642316,Healthcare,-0.027981893531205046,1.0,0.15449739009450292,利息覆盖-0.7x过低; 现金仅撑8个月; 债务/EBITDA=5.1过高,,,,,,,,,,,,,,generic,2026-10-09 01:34 UTC
BBY,"Best Buy Co., Inc.",18539929600.0,0.22482070470845025,68.27819720796174,26.538939047122486,-1731000064.0,-0.09336605377401218,1.58174184051297,0.5459284588487399,30.872340425531913,3.793781774104683,4,0.03017437816315272,0.9831138615048811,1.1768007483629561,0.0,-0.0343345487205291,-0.013948823179787961,Consumer Cyclical,0.06278340992190175,0.25302175664786464,0.1079827617361776,现金仅撑4个月,,,,,,,,,,,,,,generic,2026-10-09 01:34 UTC
BDX,"Becton, Dickinson and Company",49778692096.0,0.45444139194139194,43.07183527561368,29.796405313365238,-16098999488.0,-0.32341146000687404,2.745956488113252,0.33378321880427736,4.068515497553018,1.22611327280588,4,0.1222985347985348,0.9652014652014652,1.5917759237187128,0.18147130647130638,0.04992975699544888,0.002400455850033678,Healthcare,0.03337773513204681,0.16582349634626195,0.0616666475931803,现金仅撑1个月,,,,,,,,,,,,,,generic,2026-10-09 01:34 UTC
BEN,"Franklin Templeton, Inc.",16461691904.0,0.8034364417891389,48.96260196414562,15.493383998986479,-901800192.0,-0.05478174401872222,1.9854927644178932,0.4473286677178725,9.290832455216016,5.388286140342027,4,0.10393697196346928,0.9823845303111496,1.7367117546199276,1.0,0.019569502798386873,0.014064462917217746,Financial Services,0.048057028682924864,0.47349342999546895,0.09197654105182629,现金仅撑5个月,,,,,,,,,,,,,,generic,2026-10-09 01:34 UTC
BF-B,Brown Forman Inc,12178257920.0,0.6053971486761711,56.56987929123783,36.58954486775319,-2139999936.0,-0.17572299339181674,2.058178698145025,0.4332420192611833,9.592233009708737,2.9461663947797714,4,0.22734215885947046,0.9727596741344195,1.248951048951049,0.6846571622539037,-0.024234406984345203,-0.01454555816899683,Consumer Defensive,0.06961176266498385,0.17721518987341772,0.15997405314004376,现金仅撑3个月,,,,,,,,,,,,,,generic,2026-10-09 01:34 UTC
BG,Bunge Limited,20714283008.0,0.04847218075047278,44.659949765717435,4.644572257820622,-16273000192.0,-0.7855932153536405,5.45777335041747,0.17519966869862824,2.805732484076433,4.475153809749171,2,-0.012498400375378577,0.9755008602425742,-1.0772058823529411,0.0,0.015124876158678413,0.08863868915362594,Consumer Defensive,0.07007242294794469,0.4930896121266161,0.19709307361770423,利息覆盖2.8x过低; 现金仅撑4个月; 债务/EBITDA=5.5过高,,,,,,,,,,,,,,generic,2026-10-09 01:34 UTC
BIIB,Biogen Inc.,32273905664.0,0.7569207125957981,45.48280404652186,30.145020088481097,-7070100224.0,-0.21906552921130829,2.487229149797571,0.365332949955598,6.818691588785047,3.0733047458843226,4,0.1990981335813803,0.9761996238853052,1.523087632454173,1.0,-0.00935320400320594,0.006439919886662704,Healthcare,0.05525439091771152,0.6189241524172109,0.028597702020653593,现金仅撑3个月,,,,,,,,,,,,,,generic,2026-10-09 01:34 UTC
BKNG,Booking Holdings Inc. Common St,123957305344.0,,,14.10664597947409,-3710001152.0,-0.029929669265592648,2.0094113991176075,0.4425931463347228,5.225108225108225,11.713523631868444,4,0.33759334249730655,0.9880372998476799,1.6815321983715765,,0.1634869878187224,-0.055579774623149336,Consumer Cyclical,0.037579471311292724,0.08126487589255356,0.29048219460442304,现金仅撑12个月,,,,,,,,,,,,,,generic,2026-10-09 01:34 UTC
BLDR,"Builders FirstSource, Inc.",5789765632.0,0.30385669120678144,35.98061333057906,9.923223550505426,-5172563144.0,-0.8933976731996326,5.122887696183517,0.18611965418713713,2.8707310127275516,0.20572184208856456,4,0.056171702597349764,0.9761299031679908,1.960675461110894,0.0,-0.12565732756059322,-0.07309437635092186,Industrials,0.25057236202821137,0.5962521500179052,0.5847549903135802,利息覆盖2.9x过低; 现金仅撑0个月; 债务/EBITDA=5.1过高,,,,,,,,,,,,,,generic,2026-10-09 01:34 UTC
BMY,Bristol-Myers Squibb Company,121704939520.0,0.7108413735864716,24.42153746314198,19.249879048339626,-33986001920.0,-0.27924915828428654,2.3799789768957904,0.38023117628883757,5.932839767318879,6.4672022252739225,4,0.2665214233841685,0.9727980080921257,1.8209526509781684,1.0,0.01449177656319045,-0.006344907323308391,Healthcare,0.02559058007245621,1.0,0.12321921025397853,现金仅撑6个月,,,,,,,,,,,,,,generic,2026-10-09 01:34 UTC
BR,"Broadridge Financial Solutions,",18652215296.0,0.31779638347956346,51.32472524354851,47.92675786984627,-3116699968.0,-0.1670954317511219,1.9461028703983325,0.4553520754784216,13.932021466905187,4.505439330543933,4,0.1649101219773165,0.984940081318211,1.0966823801476475,0.0,0.0724890868669692,-0.011540237460794245,Technology,0.04413014684515895,0.0,0.3186247026691681,现金仅撑5个月,,,,,,,,,,,,,,generic,2026-10-09 01:34 UTC
BRO,"Brown & Brown, Inc.",21331410944.0,0.4907166406385563,68.18910771010134,18.9775565680821,-7147999872.0,-0.33509268987246976,2.7890732614107883,0.32904767802003676,5.480392156862745,8.307692307692308,4,0.23980565677598473,0.9882005899705015,1.3111954459203037,0.30238880212852093,0.17384548109418518,0.05864091808676575,Financial Services,0.042074103881648985,0.0,0.3566812627673469,现金仅撑8个月,,,,,,,,,,,,,,generic,2026-10-09 01:34 UTC
BSX,Boston Scientific Corporation,60925612032.0,0.6900966424230348,75.4554206941526,23.93564935091819,-12085000000.0,-0.19835664504531506,2.2104709960654625,0.40642624993308163,10.699140401146131,0.6545233758348512,4,0.16957258144864004,0.9437082793663445,1.1746031746031746,0.9669888080767827,0.16541890019606442,0.011417015563936594,Healthcare,0.0288999969187868,0.0,0.6039245522818089,现金仅撑1个月,,,,,,,,,,,,,,generic,2026-10-09 01:34 UTC
BX,Blackstone Inc.,134686154752.0,,,3.9311705040415696,-12640771584.0,-0.093853533848937,,,,6.082727323749428,4,0.3664346174685407,0.9906766407639251,1.5061727986157987,,0.20274657241463667,0.01786994619241722,Financial Services,0.016583428743011414,0.20413405347009753,0.3128430098729895,现金仅撑6个月,,,,,,,,,,,,,,generic,2026-10-09 01:34 UTC
BXP,"BXP, Inc.",10729649152.0,0.6063876559000586,46.33386447296783,43.77901360317933,-15862958016.0,-1.4784228068671896,10.115601563271726,0.09647293443569009,1.5879232260257403,5.419258881213204,4,0.357569568664659,,3.0,0.6879588530001953,0.03856526122650683,0.003792807790487407,Real Estate,0.030994349888692426,0.9249691138974319,0.20273716433427413,利息覆盖1.6x过低; 现金仅撑5个月; 债务/EBITDA=10.1过高,,,,,,,,,,,,,,generic,2026-10-09 01:34 UTC
CAG,"ConAgra Brands, Inc.",6478474240.0,0.23918593107360658,42.270252663428465,57.661801961271884,-7388499840.0,-1.1404691237917155,4.4786170119953,0.2114783238869323,-3.676749551397078,3.097957482284285,4,0.08675187916607574,0.9624698624308609,,0.0,-0.027791350655803293,0.0010681876481362096,Consumer Defensive,0.010303351920096545,1.0,0.33816185329497805,利息覆盖-3.7x过低; 现金仅撑3个月; 债务/EBITDA=4.5过高,,,,,,,,,,,,,,generic,2026-10-09 01:34 UTC
CAH,"Cardinal Health, Inc.",55333421056.0,0.038442780277524305,81.08305685831851,12.6507976510413,-5142000128.0,-0.092927565833966,2.355796448633365,0.3837598291779312,7.247126436781609,8.827753370701409,4,0.01779758346181681,0.9974473742172997,2.6400233372228703,0.0,0.07444137775897364,-0.02449971671774065,Healthcare,0.020137016268564473,0.0,0.03881579129074897,现金仅撑9个月,,,,,,,,,,,,,,generic,2026-10-09 01:34 UTC
CARR,Carrier Global Corporation,46371307520.0,0.25861038304133904,53.00011481671514,9.996718396973185,-11050000384.0,-0.23829391438302924,4.007113042500884,0.2349009739737942,4.925764192139738,4.338983050847458,4,0.09753069388881225,0.9819745252218697,1.429245283018868,0.0,0.07948894772684056,0.0005891731772953435,Industrials,0.06453883144677823,0.7351891506067095,0.2763157894736842,现金仅撑4个月; 债务/EBITDA=4.0过高,,,,,,,,,,,,,,generic,2026-10-09 01:34 UTC
CASY,"Caseys General Stores, Inc.",23738777600.0,0.24605752224760852,38.915073204218345,16.743632635167646,-2364088960.0,-0.09958764515321969,1.846351493600352,0.4770192417887722,,1.9129825101052993,4,0.0410919565920155,0.962649266694611,1.0100385192484267,0.0,0.05174690514849711,-0.0032214212645896856,Consumer Cyclical,0.02327026940089788,0.0,0.3088903176401907,现金仅撑2个月,,,,,,,,,,,,,,generic,2026-10-09 01:34 UTC
CAT,"Caterpillar, Inc.",365983956992.0,0.3177736022133779,28.26823013151961,13.127654355227483,-39201001472.0,-0.10711125644465583,2.778044547497665,0.3302461322196817,23.99003984063745,6.9081048931926015,4,0.11026942253917058,0.9365873145038394,0.8389239081494823,0.0,0.0438323160905727,-0.034111607881085915,Industrials,0.025080334327880507,0.17679762787249814,0.23576861824410644,现金仅撑7个月,,,,,,,,,,,,,,generic,2026-10-09 01:34 UTC
CBRE,CBRE Group Inc,37957529600.0,0.18658446362515413,50.229136455357946,18.889479306542096,-9316999680.0,-0.24545853690120023,4.88075835197061,0.19490296197947468,25.699078487448364,2.848851918367347,4,0.029420468557336623,0.9909741060419236,1.031114952463267,0.0,0.09567521092915365,-0.016655264215270082,Real Estate,0.029756941821630037,0.2992181947405828,0.25668669014095147,现金仅撑3个月; 债务/EBITDA=4.9过高,,,,,,,,,,,,,,generic,2026-10-09 01:34 UTC
CCI,Crown Castle Inc.,29309624320.0,0.7408536585365854,34.71587447527516,7.241791098034505,-22361999232.0,-0.762957552367563,8.700371875705427,0.11172720127019131,2.189160467587673,11.653308480894687,4,0.674249530956848,0.9573170731707317,3.0,1.0,-0.15173892561897784,0.0019047683223314404,Real Estate,-0.0024053532460971507,1.0,0.3020127417907231,利息覆盖2.2x过低; 现金仅撑12个月; 债务/EBITDA=8.7过高,,,,,,,,,,,,,,generic,2026-10-09 01:34 UTC
CCL,Carnival Corporation Ltd.,35134664704.0,0.40096164682017954,6.339509903122716,3.0772605546492557,-23942000384.0,-0.6814352886445579,3.450630759824263,0.27022420362940736,3.054855448480356,2.364341085271318,3,0.09793020547687915,0.8643552082942039,0.9445652173913044,0.0032054894005983936,0.2981448600373693,0.014135656836225197,Consumer Cyclical,-0.010609180509912858,0.0,0.23065612453038764,现金仅撑2个月,,,,,,,,,,,,,,generic,2026-10-09 01:34 UTC
CDNS,"Cadence Design Systems, Inc.",96215654400.0,0.8636432203164237,37.95911239396368,64.40768015599537,-1119523968.0,-0.011635569855875761,1.2298068180617256,0.6757638820111775,14.0601505049725,6.285033620550827,4,0.2996001894743559,0.9732155078228026,1.4310823094848173,1.0,0.14143248241855333,-0.0010720207349079747,Technology,0.010534844940991224,0.0,0.1447441519032021,现金仅撑6个月,,,,,,,,,,,,,,generic,2026-10-09 01:34 UTC
CDW,CDW Corporation,17487437824.0,0.21732867762808764,52.64743266722621,12.738216702968183,-6067699904.0,-0.34697478070072707,3.197324584173448,0.29008002454743215,7.277044854881266,1.3492448256572813,4,0.048523686569360645,0.994777939805834,1.0201575098443654,0.0,-0.01894867945091694,-0.015237141332708148,Technology,0.06237620462060892,0.02399710223671104,0.12229397522440577,现金仅撑1个月,,,,,,,,,,,,,,generic,2026-10-09 01:34 UTC
CHD,"Church & Dwight Company, Inc.",23181938688.0,0.447317513541398,41.494955312011555,24.064826573312907,-2173500032.0,-0.09375833752528645,1.7923679007971656,0.48962775002960324,11.051470588235293,1.801555503181711,4,0.1761993809646634,0.9802682486458602,1.483441910966341,0.1577250451379932,0.048889197884673496,-0.010136741643727132,Consumer Defensive,0.026870056399659132,0.22538380095288513,0.08084744407677846,现金仅撑2个月,,,,,,,,,,,,,,generic,2026-10-09 01:34 UTC
CHRW,"C.H. Robinson Worldwide, Inc.",16487091200.0,0.08373509796206598,59.6622939517037,7.507309245185457,-1817981008.0,-0.11026693465491354,2.1150377875721666,0.42282622512621737,10.964374379344587,3.2874527504425908,4,0.05199213467232904,0.9956542826381436,1.437580163554944,0.0,-0.13053598256384413,0.005998861706419278,Industrials,0.03515514004071258,0.6543107884540958,0.3545029421367507,现金仅撑3个月,,,,,,,,,,,,,,generic,2026-10-09 01:34 UTC
CHTR,"Charter Communications, Inc.",14252449792.0,0.5653777339613685,56.12541406311616,57.71593436397871,-96201000640.0,-6.749787022157994,4.433188397701621,0.21352973980093823,2.479174930583102,0.3461800045341193,4,0.08065870668565378,0.7871435352539526,0.8859033487066372,0.5512591132045616,0.0046187194908937634,-0.06039126275302786,Communication Services,0.34523889379087036,0.09851632047477744,0.598272303908084,利息覆盖2.5x过低; 现金仅撑0个月; 债务/EBITDA=4.4过高,,,,,,,,,,,,,,generic,2026-10-09 01:34 UTC
CI,The Cigna Group,74259505152.0,0.0895148509789888,40.111347235606665,10.932974209640637,-24621000704.0,-0.3315535250821274,2.4986676281147804,0.3638126304437422,6.526278409090909,5.32298283814181,4,0.03063311107378384,0.9955742841075902,1.4082591908678865,0.0,0.1514950529756025,-0.04095205687820935,Healthcare,0.07156996251350403,0.33501161890007747,0.09104726878625558,现金仅撑5个月,,,,,,,,,,,,,,generic,2026-10-09 01:34 UTC
CIEN,Ciena Corporation,60400504832.0,0.42036147551518427,73.248785973771,6.974181927828068,-655876096.0,-0.01085878500228228,3.204048764959314,0.28951531030621663,2.703140665184604,18.62909215789862,3,0.13948863058592847,0.9704789195193549,3.0,0.06787158505061416,0.09500526254009078,-0.016896642232568815,Technology,0.0025456037234731967,0.6705372664592056,0.2879585132264254,利息覆盖2.7x过低,,,,,,,,,,,,,,generic,2026-10-09 01:34 UTC
CL,Colgate-Palmolive Company,70230925312.0,0.6010695711902659,41.50998797558952,25.598507906786903,-6404000000.0,-0.09118490140276966,1.5767609542619505,0.5474169992887881,12.456928838951312,2.174607038164131,4,0.17829457364341086,0.972328525169267,1.7045028142589118,0.670231903967553,0.042934601917500315,-0.011770804354837905,Consumer Defensive,0.03241449532220567,0.2620283835237106,0.12033488378679003,现金仅撑2个月,,,,,,,,,,,,,,generic,2026-10-09 01:34 UTC
CLX,Clorox Company (The),10090483712.0,0.4232142857142857,32.295891120045106,29.748295511033962,-5455000128.0,-0.5406083874366399,4.910526428070176,0.19377868012856178,7.084615384615384,0.8764044943820225,4,0.060267857142857144,0.9691964285714285,0.6899488926746167,0.0773809523809523,-0.031139607337307473,-0.007851194811511308,Consumer Defensive,0.045240645843084036,0.27530864197530863,0.3534916898640412,现金仅撑1个月; 债务/EBITDA=4.9过高,,,,,,,,,,,,,,generic,2026-10-09 01:34 UTC
CMCSA,Comcast Corporation,75266580480.0,0.7174695045551182,46.55385959473373,55.07925790736411,-82720000512.0,-1.0990269517290019,2.6525695088123866,0.34452232649861997,6.843955545475165,1.3502335620244985,4,0.15548837171704108,0.8835312472212566,0.9618461846184618,1.0,0.006220134237919117,-0.05122793601361719,Communication Services,0.18915433528673575,0.0,0.3469827776046731,现金仅撑1个月,,,,,,,,,,,,,,generic,2026-10-09 01:34 UTC
CMG,"Chipotle Mexican Grill, Inc.",41353859072.0,0.253757190098847,48.55445881383988,18.96518996480915,-4741338880.0,-0.11465287608938728,2.3820431590819506,0.37993297965098616,,8.026734078087703,4,0.12138507736423515,0.9441255832724909,0.9425880719721363,0.0,0.11364082990765789,-0.01893470396476138,Consumer Cyclical,0.031422152107681296,0.0,0.22851747322237448,现金仅撑8个月,,,,,,,,,,,,,,generic,2026-10-09 01:34 UTC
CMI,Cummins Inc.,71809515520.0,0.25292545292545293,65.7825164774143,8.812113176500551,-4362000128.0,-0.06074404062488235,1.650597550885862,0.5261503149543171,13.045592705167174,10.124274349602237,4,0.07086427086427087,0.9633204633204633,0.8392543088287021,0.0,0.06246086056249833,-0.0075198338527773245,Industrials,0.03368286197845664,0.6582984658298466,0.284762015412511,现金仅撑10个月,,,,,,,,,,,,,,generic,2026-10-09 01:34 UTC
CMS,CMS Energy Corporation,20184807424.0,0.4152711090291603,19.604429865942542,8.36751481913468,-19059999168.0,-0.9442745113999657,6.3952948928421955,0.1504824114091797,2.56390977443609,1.5898845519516216,0,-0.2111488464691416,0.5271109029160324,-1.6834733893557423,0.050903696763867634,-0.002215234024431356,0.016998574722462356,Utilities,0.047040329890441865,0.0,0.18263704850668494,利息覆盖2.6x过低; 现金仅撑2个月; 债务/EBITDA=6.4过高,,,,,,,,,,,,,,generic,2026-10-09 01:34 UTC
CNC,Centene Corporation,31882438656.0,0.07119423751264266,36.3586825696104,13.80952066848222,10952000512.0,0.3435120076656661,3.4965261590196812,0.2669139244076867,-8.923303834808259,22.89893542393681,3,0.0221843441474096,0.9960621633971157,,0.0,0.10452664402969458,-0.03706354142140578,Healthcare,0.004195099422698314,1.0,0.07016283661775036,利息覆盖-8.9x过低,,,,,,,,,,,,,,generic,2026-10-09 01:34 UTC
CNP,"CenterPoint Energy, Inc (Holdin",25308030976.0,0.45057176445441915,21.16668819747196,13.996051998460612,-24189000896.0,-0.9557835976626868,6.393876512087132,0.1505145374361957,2.380952380952381,2.5811965811965814,0,-0.25478251576359945,0.4795340386876136,-2.2661596958174903,0.1685725481813971,0.0012857616218755474,0.012205527969944896,Utilities,0.03995767197214924,0.13245033112582782,0.14698051980500326,利息覆盖2.4x过低; 现金仅撑3个月; 债务/EBITDA=6.4过高,,,,,,,,,,,,,,generic,2026-10-09 01:34 UTC
COIN,"Coinbase Global, Inc.",45379952640.0,0.7463949897825262,14.062414613208855,1.9207595081442446,2120552448.0,0.04672883783776465,9.53227025448991,0.10222575884580734,18.820062519756945,27.01516151599914,3,0.3378739995752873,0.9911991171545641,1.9252011581121407,1.0,0.3100276522124539,0.05075869063676275,Financial Services,0.007213069449338235,0.5113242545944927,0.5555555555555556,债务/EBITDA=9.5过高,,,,,,,,,,,,,,generic,2026-10-09 01:34 UTC
COO,"The Cooper Companies, Inc.",10325432320.0,0.6553855928061773,58.972580164364366,38.03221984144622,-2646500128.0,-0.25630889303044696,3.0055795364806865,0.3071649728702404,6.665,0.9285714285714286,4,0.1059769328511387,0.9114456064900792,1.1568418244865297,0.8512853093539241,0.07346203139761864,-0.0022022771607430602,Healthcare,0.03503969507399764,0.23742871954380507,0.3560246746491198,现金仅撑1个月,,,,,,,,,,,,,,generic,2026-10-09 01:34 UTC
COR,"Cencora, Inc.",61322309632.0,0.03572165157521616,93.01256982581795,45.188482980549495,-11647756800.0,-0.18994321756468574,2.607610236942605,0.34994275533878033,6.380154519443577,4.4776490662521535,4,0.009980739004440128,0.9979212176270112,2.063571593565436,0.0,0.1043399050694318,-0.020235213047593792,Healthcare,0.026529504673957288,0.1353199720619976,0.14249498037754338,现金仅撑4个月,,,,,,,,,,,,,,generic,2026-10-09 01:34 UTC
COST,Costco Wholesale Corporation,420051156992.0,0.12843206714262356,78.30002137680215,43.721654531628644,12725000192.0,0.03029392963258128,0.5972560736663842,1.1802807097889985,71.24675324675324,10.238404322037972,4,0.028473849619416135,0.9800243428343052,0.967650327200889,0.0,0.06640442726947482,0.0004312924629519266,Consumer Defensive,0.0164277609646756,0.0,0.13378168229077947,现金仅撑10个月,,,,,,,,,,,,,,generic,2026-10-09 01:34 UTC
CPB,The Campbell's Company,5776806400.0,0.3042036477128645,78.57828130516015,27.960101215279856,-7055999872.0,-1.2214360986720967,4.59876535308642,0.2062380682875204,3.307246376811594,2.677236693091733,4,0.06876036282063787,0.9584511850190188,1.1710963455149501,0.0,0.061920271398032245,-0.0009708731703798046,Consumer Defensive,0.12048179423149788,0.33916083916083917,0.3881869572776797,现金仅撑3个月; 债务/EBITDA=4.6过高,,,,,,,,,,,,,,generic,2026-10-09 01:34 UTC
CPT,Camden Property Trust,9728188416.0,0.6140965870671554,61.120249320817734,21.987267169841274,-4828311096.0,-0.49632170857822333,5.450991198139616,0.1754080940041315,3.885705191733158,0.7921500084145013,4,0.2454453132546659,0.7201209499067074,1.004570022524983,0.7136552902238513,0.03414829875709913,-0.0004242300239107877,Real Estate,0.04123781662577535,0.5951168954821241,0.17707092507737432,现金仅撑1个月; 债务/EBITDA=5.5过高,,,,,,,,,,,,,,generic,2026-10-09 01:34 UTC
CRH,CRH PLC,54473490432.0,0.36125724357091354,45.02823833569073,32.25129994470299,-16787999232.0,-0.30818658945596095,2.5624676440754937,0.3555596460306007,6.932098765432099,4.42413153345521,4,0.07776323871071114,0.9275509386599727,0.7806970509383379,0.0,0.045975003842854356,-0.03529743150098452,Basic Materials,0.06518767150478014,0.18332470222682548,0.3767697198180745,现金仅撑4个月,,,,,,,,,,,,,,generic,2026-10-09 01:34 UTC
CRL,Charles River Laboratories Inte,14226184192.0,0.3295514598611041,35.22404416542398,28.48155833489684,-2842294112.0,-0.1997931471742328,3.573495140633078,0.261540805785992,0.07031739061375888,2.4988639500118746,4,0.12912694234321914,0.9454218801598453,,0.0,0.0032857552523495315,-0.01143013985270025,Healthcare,0.01452970432621262,1.0,0.04109144854753033,利息覆盖0.1x过低; 现金仅撑2个月,,,,,,,,,,,,,,generic,2026-10-09 01:34 UTC
CRM,"Salesforce, Inc.",187479408640.0,0.7767609873570138,37.033681270558965,49.486098123857154,-30972999680.0,-0.16520747480847184,3.2852157870168965,0.2828681642779789,,5.863227255805982,4,0.34682721252257676,0.9856953642384106,1.9313396808367977,1.0,0.09820006113830493,-0.017990772059601645,Technology,0.023999969024011532,0.0,0.14434889512341198,现金仅撑6个月,,,,,,,,,,,,,,generic,2026-10-09 01:34 UTC
CRWD,"CrowdStrike Holdings, Inc.",269305118720.0,0.7466899972049074,56.1873895237398,14.343013607699026,4193668032.0,0.01557218092226539,7.67519495419283,0.12617986128794842,-3.531922486706399,15.481334881308204,4,0.25799848503898065,0.9229304624579567,,1.0,0.2900686653697968,0.043844909682598576,Technology,-0.00026810389027573253,1.0,0.05683847241817508,利息覆盖-3.5x过低; 债务/EBITDA=7.7过高,,,,,,,,,,,,,,generic,2026-10-09 01:34 UTC
CSCO,"Cisco Systems, Inc.",452963794944.0,0.645242795104619,53.181418438971825,12.237058606786285,-15267000320.0,-0.033704681235919666,1.6728355681859755,0.5200652705542633,11.89047619047619,7.702568713899755,4,0.20161073825503356,0.9777339123568891,0.9623125047109369,0.8174759836820633,0.03571085300180399,-0.0099360769512985,Technology,0.025598072361243555,0.18179655910568462,0.1162307739257813,现金仅撑8个月,,,,,,,,,,,,,,generic,2026-10-09 01:34 UTC
CSGP,"CoStar Group, Inc.",12078940160.0,0.7887280566676933,56.21360390837279,23.860435527020787,110999936.0,0.009189542669280017,2.9314722436548224,0.3143198882198063,,5.769844284086593,3,0.012627040344933785,0.8801971050200185,3.0,1.0,0.14160530575519847,0.00912056272385997,Real Estate,0.01843083888578516,0.9496402877697842,0.6189441622553593,现金仅撑6个月,,,,,,,,,,,,,,generic,2026-10-09 01:34 UTC
CTAS,Cintas Corporation,80350855168.0,0.5066945494893322,44.043682779063,64.77474043254645,-2467775072.0,-0.030712492939126798,0.8732781369723409,0.8902514587307626,24.5718492731806,0.947197262604317,4,0.16699644138033642,0.964925576317154,0.9406025496407943,0.35564849829777406,0.08514371661641951,-0.005586252147550819,Industrials,0.020945175337352795,0.0,0.07116798480111008,现金仅撑1个月,,,,,,,,,,,,,,generic,2026-10-09 01:34 UTC
CTSH,Cognizant Technology Solutions ,28384729088.0,0.33717074095129806,55.347813622269825,24.642375175373903,-1043000000.0,-0.036745110258633445,0.518830525272547,1.3006767644215276,95.02702702702703,3.327704485488127,4,0.12293916998294485,0.9863558840250142,1.163677130044843,0.0,0.028031282502597676,-0.02004550269136174,Technology,0.07826391413188322,0.07161572052401746,0.3078431322511149,现金仅撑3个月,,,,,,,,,,,,,,generic,2026-10-09 01:34 UTC
CTVA,"Corteva, Inc.",9173945344.0,0.4729038561002241,28.04484043038177,31.948400510862637,1941000000.0,0.2115774541069688,,,10.377777777777778,9.670588235294117,4,0.16177231193609562,0.9660364346876616,2.573126142595978,0.24301285366741365,-0.0010322883978914899,-0.019660179345633355,Basic Materials,0.10581597814236988,0.35919790758500436,0.048442894014178894,现金仅撑10个月,,,,,,,,,,,,,,generic,2026-10-09 01:34 UTC
CVNA,Carvana Co.,70054912000.0,0.20627890955614606,17.287999666704366,3.33188827991991,-2564999936.0,-0.036614134009618056,2.2697209742931137,0.39686933997941637,-0.7623762376237624,16.263089571614017,3,0.043745694321425055,0.9927664599940951,0.6318407960199005,0.0,0.1431413679257303,0.10283682504402569,Consumer Cyclical,0.0017129419847105082,0.5333333333333333,0.33953392046741104,利息覆盖-0.8x过低,,,,,,,,,,,,,,generic,2026-10-09 01:34 UTC
CVS,CVS Health Corporation,112293601280.0,0.13769346899894794,43.73656195757842,26.61139185015946,-62347998208.0,-0.555223071460123,4.574700249774971,0.20726676233339905,1.6848348829753126,3.7240366274317984,4,0.019417161816314196,0.9929563978142947,3.0,0.0,0.0763108477649228,-0.0074918856169351455,Healthcare,0.042382201173983045,0.6168183788469874,0.20614824355262695,利息覆盖1.7x过低; 现金仅撑4个月; 债务/EBITDA=4.6过高,,,,,,,,,,,,,,generic,2026-10-09 01:34 UTC
CVX,Chevron Corporation,414977196032.0,0.30410124056562854,58.82949088971945,13.595066078707402,-28545001472.0,-0.06878691587139361,0.7318108715484921,1.0185261021023533,17.222678718159408,2.5971784853344158,4,0.08996269627830311,0.9059436540296695,1.3490527685177656,0.0,-0.07852874895364959,0.013698529222134104,Energy,0.05228841538156899,0.39746228676159595,0.02856224961506193,现金仅撑3个月,,,,,,,,,,,,,,generic,2026-10-09 01:34 UTC
D,"Dominion Energy, Inc.",54310727680.0,0.49018538713195203,44.51052448428508,14.475159067653841,-53633999232.0,-0.9875396910167122,6.465891139017971,0.14890056722185413,2.7858555885262115,1.1316455696202532,0,-0.4410517387616624,0.23415727614200899,-2.428285523682455,0.30061795710650674,0.05798731389635825,0.017265072072629506,Utilities,0.037676718530757866,0.0,0.1386525610670808,利息覆盖2.8x过低; 现金仅撑1个月; 债务/EBITDA=6.5过高,,,,,,,,,,,,,,generic,2026-10-09 01:34 UTC
DAL,"Delta Air Lines, Inc.",54017155072.0,0.24165141089577677,40.14767003000691,16.568729620467757,-16419000320.0,-0.3039589978056962,2.8085787658514882,0.32694923902723383,10.108983799705449,5.898840804214963,3,0.06064958020326999,0.928997538034215,0.7678321678321678,0.0,0.07799197884220499,0.00615062585381021,Industrials,0.06659458453902635,0.24994575829898025,0.12299811896250668,现金仅撑6个月,,,,,,,,,,,,,,generic,2026-10-09 01:34 UTC
DASH,"DoorDash, Inc.",83067551744.0,0.5087847196908946,33.39620881030212,25.89806626122379,2041999872.0,0.024582401059478613,2.301531988857939,0.3919214042257014,362.5,10.25967344035817,4,0.13311948676824378,0.9558941459502807,1.9529411764705882,0.36261573230298183,0.2772574009717286,0.03517174761321562,Consumer Cyclical,-0.002603302919850648,0.0,0.30398633090831007,现金仅撑10个月,,,,,,,,,,,,,,generic,2026-10-09 01:34 UTC
DD,"DuPont de Nemours, Inc.",17887371264.0,0.34501387063804934,48.18612914460201,3.996993012398063,-1439000064.0,-0.08044782225189911,2.008212214450043,0.4428281777952992,1.6389776357827477,13.892215568862275,3,0.025113155205139435,0.9433493940721274,,0.0,-0.19269293381346742,-0.036949267932516516,Basic Materials,0.08686295918322368,1.0,0.14302348880341043,利息覆盖1.6x过低,,,,,,,,,,,,,,generic,2026-10-09 01:34 UTC
DDOG,"Datadog, Inc.",98314731520.0,0.7995549081775629,61.90238967827365,60.98585981140167,3707637248.0,0.03771191957377986,15.414320904254678,0.0638393458683794,12.485758205986075,21.48452815260072,4,0.2669024888843759,0.9604867940141657,3.0,1.0,0.2694953937625746,0.03366707906168642,Technology,0.0007371606358428268,0.4136416575054695,0.04980047339050353,债务/EBITDA=15.4过高,,,,,,,,,,,,,,generic,2026-10-09 01:34 UTC
DE,Deere & Company,175952150528.0,0.3648270457852905,25.004403515489585,6.290772592407066,-57637998592.0,-0.32757768756470995,7.509069186436811,0.1288814387359818,2.9738170347003154,10.569869662647543,4,0.07233852009403335,0.9053397514832643,0.6427292619852795,0.0,-0.0450056665565175,-0.032769550641523426,Industrials,0.04180682064939814,0.3015935471178438,0.08019953338403252,利息覆盖3.0x过低; 现金仅撑11个月; 债务/EBITDA=7.5过高,,,,,,,,,,,,,,generic,2026-10-09 01:34 UTC
DECK,Deckers Outdoor Corporation,11243173888.0,0.5770385958654284,24.67278714999145,21.675791144324528,1130255040.0,0.1005281116577177,0.35594688079692693,1.6503096751398798,525.2513833992094,10.149269178176537,4,0.2005249716024133,0.9845361069649741,1.071538985089901,0.5901286528847612,0.1469097911350663,-0.03764549454950783,Consumer Cyclical,0.07263400514258772,0.0,0.3173474789816304,现金仅撑10个月,,,,,,,,,,,,,,generic,2026-10-09 01:34 UTC
DELL,Dell Technologies Inc.,365306183680.0,0.19999471542567246,42.350073179556574,6.914478100147349,-23714000896.0,-0.06491541056631259,1.9905225404213132,0.44632445421056,5.655769230769231,9.73564255409859,4,0.07532279941517378,0.9768095263259877,1.440700808625337,0.0,0.035349838884853435,-0.03084290206067375,Technology,0.011194718793981078,0.0,0.023538470507178944,现金仅撑10个月,,,,,,,,,,,,,,generic,2026-10-09 01:34 UTC
DG,Dollar General Corporation,27416047616.0,0.30660930299520633,62.648388201306645,42.65161808088124,-14183510016.0,-0.5173433535956695,4.403524954227082,0.2148908644170133,9.52069897253293,1.7506464233136114,4,0.05601810058329943,0.9709495534035857,1.582569987257912,0.0,0.04125293834210786,0.0016964578594462765,Consumer Defensive,0.06123080808410571,0.3226565876550166,0.2046211452002057,现金仅撑2个月; 债务/EBITDA=4.4过高,,,,,,,,,,,,,,generic,2026-10-09 01:34 UTC
DGX,Quest Diagnostics Incorporated,25475274752.0,0.3321250566379701,57.07398879064246,11.557524508594748,-5777999744.0,-0.22680814241449482,2.826125377645211,0.3250842788357037,5.758122743682311,3.561877667140825,4,0.12315360217489806,0.952242863615768,1.3699596774193548,0.0,0.03743568077946513,-0.0022803853939463714,Healthcare,0.035946619179371433,0.09725158562367865,0.06724590662706265,现金仅撑4个月,,,,,,,,,,,,,,generic,2026-10-09 01:34 UTC
DHI,"D.R. Horton, Inc.",37989031936.0,0.23696657557284004,26.264518841991908,15.103131203635291,-5109199872.0,-0.13449144691571643,1.7415079748646873,0.5021320590332784,,6.756338132177681,4,0.09586749351832387,0.9959883680190597,0.9158484882293875,0.0,0.007612158904120037,-0.05045290723990348,Consumer Cyclical,0.12467282683009825,0.24623664956689933,0.19048749366793905,现金仅撑7个月,,,,,,,,,,,,,,generic,2026-10-09 01:34 UTC
DHR,Danaher Corporation,152871354368.0,0.5911348095083034,56.86307006040447,14.990111929199523,-23509999616.0,-0.15378943761697492,3.4701045071815204,0.2688096525432385,16.973584905660378,5.306214082375674,4,0.2140996418104852,0.9529469228264409,1.4554510237963476,0.6371160316943447,-0.026665255865112814,-0.009892028173122736,Healthcare,0.031866663444827394,0.33915938410320434,0.10159056404817524,现金仅撑5个月,,,,,,,,,,,,,,generic,2026-10-09 01:34 UTC
DIS,Walt Disney Company (The),184790024192.0,0.3776436325125761,37.62182820296253,32.36684009287485,-40856002048.0,-0.22109419719297138,2.1962983008722294,0.4087808913751235,7.624172185430464,2.850597848169698,4,0.10671961874503574,0.9150225046333068,0.8123992260561109,0.0,0.045093923223104904,0.0018681156816720002,Communication Services,0.030947287468603396,0.25151033386327504,0.08255469144315508,现金仅撑3个月,,,,,,,,,,,,,,generic,2026-10-09 01:34 UTC
DLR,"Digital Realty Trust, Inc.",66495254528.0,0.5539220690327601,38.55187767020862,13.758671968141025,-18167262592.0,-0.27321141517474873,6.25328180340399,0.153768517224115,4.071615971795674,9.291566870956482,4,0.39461108133699524,,1.843310619300636,0.5130735634425336,0.09218604990875767,0.0567246657894902,Real Estate,0.012172300952080356,0.3650233232648777,0.13653080201020007,现金仅撑9个月; 债务/EBITDA=6.3过高,,,,,,,,,,,,,,generic,2026-10-09 01:34 UTC
DLTR,"Dollar Tree, Inc.",22256707584.0,0.364046610824344,59.40035264888811,29.43759188941293,-6612699904.0,-0.2971104274539585,3.063663102454494,0.3017808295777808,20.058479532163744,2.3453829388403493,4,0.07212108099197395,0.9415819243965011,1.0916179337231968,0.0,0.0799582484358976,-0.035474121752226084,Consumer Defensive,-0.012699542325981434,1.0,0.15997452654371103,现金仅撑2个月,,,,,,,,,,,,,,generic,2026-10-09 01:34 UTC
DOC,"Healthpeak Properties, Inc.",13129703424.0,0.5999666254740458,53.27201661037348,10.196203731433648,-8679467904.0,-0.661055899262329,6.570301553720312,0.1466210829716941,1.9315678063294208,17.133272019636625,4,0.44356197599868485,,3.0,0.6665554182468192,0.1104698360850378,0.0833486848961682,Real Estate,0.021343722775013382,0.7065624203140551,0.18843116978813212,利息覆盖1.9x过低; 债务/EBITDA=6.6过高,,,,,,,,,,,,,,generic,2026-10-09 01:34 UTC
DOV,Dover Corporation,25449175040.0,0.397669541607976,48.42172547150161,27.280648172166963,-1504017024.0,-0.059098851795236815,1.7077021363562486,0.5108029364779868,13.519148781109937,11.422137874510518,4,0.13757210162258693,0.9727820738304304,1.01769358182596,0.0,0.010445978801371991,-0.011714387575030294,Industrials,0.058089171758079906,0.5943993717757347,0.19009040036352687,现金仅撑11个月,,,,,,,,,,,,,,generic,2026-10-09 01:34 UTC
DOW,Dow Inc.,20651722752.0,0.06337570056044836,24.496949063178313,11.404278396070264,-15199999232.0,-0.7360160415928482,4.90436510676776,0.1940103153901505,-1.9028901734104047,21.402947368421053,2,-0.03620396317053643,0.9379753803042434,,0.0,-0.11108214737616817,0.005802948878728342,Basic Materials,0.044354653168646216,1.0,0.31717217860218083,利息覆盖-1.9x过低; 债务/EBITDA=4.9过高,,,,,,,,,,,,,,generic,2026-10-09 01:34 UTC
DPZ,Domino's Pizza Inc,10210677760.0,0.3995065581051313,42.384444356989725,25.218108603762506,-4958016864.0,-0.4855717691359207,5.005161574812445,0.19028910638883442,4.930857469434409,1.9324002993315839,4,0.13593214890544403,0.9755955169176319,1.1160038823075797,0.0,0.02876024391390608,-0.017154442998883246,Consumer Cyclical,0.05281860447234406,0.0,0.2959947437541882,现金仅撑2个月; 债务/EBITDA=5.0过高,,,,,,,,,,,,,,generic,2026-10-09 01:34 UTC
DRI,"Darden Restaurants, Inc.",22687479808.0,0.21667713781801393,59.3022094252079,41.05481815096354,-8369600480.0,-0.3689083384681948,4.009756034023156,0.23475522823675493,8.073866530820172,2.106855641372721,4,0.0823486666313423,0.9424414687871379,0.9015496809480401,0.0,0.0799807207834049,-0.01963526179763586,Consumer Cyclical,0.04700610244175077,0.0,0.11929018480774645,现金仅撑2个月; 债务/EBITDA=4.0过高,,,,,,,,,,,,,,generic,2026-10-09 01:34 UTC
DTE,DTE Energy Company,26447992832.0,0.3030858732768433,13.74766753684396,3.8801625281642194,-27798000000.0,-1.0510438420251913,7.696986589053675,0.12583386026816987,2.4678030303030303,0.22251655629139072,0,-0.06449981029467561,0.7199317060832173,-0.6976744186046512,0.0,-0.06307993398170852,0.0034131558220573677,Utilities,0.05053313529270696,0.0,0.1769733568468027,利息覆盖2.5x过低; 现金仅撑0个月; 债务/EBITDA=7.7过高,,,,,,,,,,,,,,generic,2026-10-09 01:34 UTC
DUK,Duke Energy Corporation (Holdin,91100405760.0,0.5117721872382666,29.680102974780688,31.722440489472042,-91532998080.0,-1.004748522428535,5.54889561504058,0.1724466288729707,2.5718216840946617,1.0195682363337961,1,-0.05254831404907404,0.5649719266681144,-0.34098228663446056,0.3725739574608885,0.03867971409471327,0.0033056081010534033,Utilities,0.040842298878472086,0.0,0.12453176637109864,利息覆盖2.6x过低; 现金仅撑1个月; 债务/EBITDA=5.5过高,,,,,,,,,,,,,,generic,2026-10-09 01:34 UTC
DVA,DaVita Inc.,11362028544.0,0.32247824884562265,42.3283899329347,56.43581892540781,-12717597248.0,-1.119306926465683,4.74365367305654,0.2002541756941496,3.322404927525236,3.460276278810437,4,0.09606606841906319,0.9577907287575838,1.7549956280304178,0.0,0.055264367135682946,-0.088143250778561,Healthcare,0.06458089743028197,0.2024249686546155,0.26535524842233715,现金仅撑3个月; 债务/EBITDA=4.7过高,,,,,,,,,,,,,,generic,2026-10-09 01:34 UTC
EA,Electronic Arts Inc.,52925640704.0,0.789669366617979,42.11368128384617,43.1360256455447,532999936.0,0.010070731859080112,1.084009307068366,0.7496199574481315,23.264150943396228,6.0288401253918495,4,0.30845837206214316,0.9694595671225601,2.6189402480270574,1.0,0.0046911288415614205,-0.027992379146170143,Communication Services,0.019286493019684013,0.2087421944692239,0.0,现金仅撑6个月,,,,,,,,,,,,,,generic,2026-10-09 01:34 UTC
EBAY,eBay Inc.,49831100416.0,0.7145045045045045,70.36236343631325,27.32333403943271,-3830999808.0,-0.07687969513051181,2.3055555142118864,0.39130435415659215,10.378048780487806,7.018747925008843,4,0.1291891891891892,0.9527027027027027,0.7060561299852289,1.0,0.042572293921697035,-0.05908037834787816,Consumer Cyclical,0.027613277421386976,0.2862305746295627,0.058675149472577015,现金仅撑7个月,,,,,,,,,,,,,,generic,2026-10-09 01:34 UTC
ED,"Consolidated Edison, Inc.",39198138368.0,0.5325097529258778,34.66613169979809,12.311752565761964,-26850000000.0,-0.6849815097831128,4.595910514163672,0.20635956794439164,3.106244931062449,2.9355966050923614,1,0.002127911100602908,0.7184064310202152,0.017795353435491844,0.4416991764195925,0.02587238970223038,0.005750945273349961,Utilities,0.051163144054749816,0.277491067884081,0.08201975832144859,现金仅撑3个月; 债务/EBITDA=4.6过高,,,,,,,,,,,,,,generic,2026-10-09 01:34 UTC
EFX,"Equifax, Inc.",17098750976.0,0.5644744423409334,57.01564809163167,31.11423023484282,-5297000160.0,-0.3097887189207521,2.841085105797057,0.32351098911013104,5.215261422515309,0.8746625530273814,4,0.1867314182237221,0.920750679068236,1.7178555202180827,0.5482481411364445,0.05848490317101085,-0.005747253356404247,Industrials,0.036638641084329925,0.21674806090203966,0.37750217542164155,现金仅撑1个月,,,,,,,,,,,,,,generic,2026-10-09 01:34 UTC
EIX,Edison International,20895399936.0,0.48071646736035617,18.366590458389563,13.179286059542685,-43298000768.0,-2.0721307512953264,4.875700043907011,0.19509530238483494,4.893437296946069,0.717745921898171,0,-0.037014029093544544,0.6627323083294507,-0.1520952988725803,0.2690548912011872,0.03904776111316921,0.0022437848530305615,Utilities,0.1014338087086997,0.0,0.3244588070105766,现金仅撑1个月; 债务/EBITDA=4.9过高,,,,,,,,,,,,,,generic,2026-10-09 01:34 UTC
EL,"Estee Lauder Companies, Inc. (T",34174285824.0,0.7550003322479899,36.80283377335489,15.586981027772543,-5748000256.0,-0.1681966460280285,3.7661913999852343,0.248992117259072,2.5479041916167664,4.334124776871451,3,0.0874476709415908,0.9696325337231709,3.0,1.0,-0.018374524462719366,0.00387980025980994,Consumer Defensive,0.003255371613994961,1.0,0.21143717738045587,利息覆盖2.5x过低; 现金仅撑4个月,,,,,,,,,,,,,,generic,2026-10-09 01:34 UTC
EME,"EMCOR Group, Inc.",34328088576.0,0.19327130810714582,33.77443318997949,44.09977735345685,376382976.0,0.010964285854911913,0.2753182049444588,1.9036081190175556,144.22995008319467,6.47027208556,4,0.07001551003501502,0.9933623455251495,0.9343943394847806,0.0,0.15320031490276653,-0.022505159276995812,Industrials,0.024171736161859057,0.0,0.17537484478476817,现金仅撑6个月,,,,,,,,,,,,,,generic,2026-10-09 01:34 UTC
EMR,Emerson Electric Company,89089499136.0,0.528363676731794,27.55934733870335,16.523803710855585,-11622000384.0,-0.13045308927215293,2.2783097846853173,0.3955211525333173,8.581395348837209,4.369467178887589,4,0.14803507992895204,0.9760768206039077,1.1631051024858263,0.42787892243931314,0.09282630664203761,-0.01638700860994413,Industrials,0.05811852182596605,0.8511233830093048,0.03236407814935527,现金仅撑4个月,,,,,,,,,,,,,,generic,2026-10-09 01:34 UTC
EOG,"EOG Resources, Inc.",79100665856.0,0.6337791161101762,15.752494080830969,9.398329345098345,-3343000064.0,-0.042262603327332476,0.569161788684683,1.2207600669529355,28.072340425531916,8.33814750722175,4,0.1527765476928527,0.7079975201487911,0.6927710843373494,0.7792637203672541,-0.08514403108878354,-0.029219678290551276,Energy,0.08449992079925077,0.2222395751991254,0.03401854299114537,现金仅撑8个月,,,,,,,,,,,,,,generic,2026-10-09 01:34 UTC
EQIX,"Equinix, Inc.",99772858368.0,0.5109037647824671,47.07390010338066,23.89092742928316,-22377000256.0,-0.22427943452782687,5.144493158372192,0.18537422713160948,3.861480075901328,4.282901932191032,3,-0.04339806878593903,0.5322773136595422,-0.2962962962962963,0.36967921594155706,0.08265773019010236,0.019779150744233975,Real Estate,0.00961934954755009,0.15892672858617132,0.09389391343917708,现金仅撑4个月; 债务/EBITDA=5.1过高,,,,,,,,,,,,,,generic,2026-10-09 01:34 UTC
EQR,Equity Residential,24609972224.0,0.6287840271962234,69.50970728453385,61.61051710241586,-8529094904.0,-0.346570683882459,4.530445116208566,0.2091855414487246,4.82182739131285,0.40612449799196787,4,0.41684585994837037,0.8839483651851883,1.1514299310144105,0.7626134239874113,0.04194040742424798,-0.0005495320661978997,Real Estate,0.03827989895418421,0.0,0.0,现金仅撑0个月; 债务/EBITDA=4.5过高,,,,,,,,,,,,,,generic,2026-10-09 01:34 UTC
EQT,EQT Corporation,33114818560.0,0.4587503233784062,4.5285094782392505,2.0298897585311506,-5542850792.0,-0.16738279214657428,0.8084948227363964,0.9447377337329087,7.787271338857293,1.6564310480838027,4,0.33969271958336533,0.7260426731401806,1.3914582196271468,0.19583441126135398,-0.11718245847505004,0.19537537647927317,Energy,0.04360601424959159,0.867120362003467,0.2206683587682049,现金仅撑2个月,,,,,,,,,,,,,,generic,2026-10-09 01:34 UTC
ES,Eversource Energy (D/B/A),24743766016.0,0.8469225179674922,59.32626461564403,11.94768203318277,-27988466944.0,-1.131132056692659,6.042494212137687,0.1589194946053482,2.480115277020364,2.573028280787099,0,-0.0033288689566674965,0.6930247214857871,-0.026647214678569488,1.0,0.033017102123918285,0.02516474380777689,Utilities,0.035025589857242856,1.0,0.1380395849553263,利息覆盖2.5x过低; 现金仅撑3个月; 债务/EBITDA=6.0过高,,,,,,,,,,,,,,generic,2026-10-09 01:34 UTC
ESS,"Essex Property Trust, Inc.",18512195584.0,0.6778342062526989,82.13999769187858,46.57166307618103,-6680726184.0,-0.3608824330796353,5.483954713062169,0.1743997031790226,3.719667652203526,1.19623734488348,4,0.4949148141966625,0.9256373371058285,1.3948371277621978,0.9261140208423295,0.05510390234068829,-0.0008381710413007948,Real Estate,0.030052188973242862,0.09690339598825119,0.09972178908938989,现金仅撑1个月; 债务/EBITDA=5.5过高,,,,,,,,,,,,,,generic,2026-10-09 01:34 UTC
ETN,"Eaton Corporation, PLC",164837244928.0,0.3758743806470417,34.09146686758946,34.633980731376454,-20631000128.0,-0.12515982135597759,3.212230745958312,0.28883112460582394,21.46473029045643,1.6327329678935003,4,0.12944476828912854,0.9665185077236957,0.8693418155126009,0.0,0.09769979247934413,-0.008365410904862536,Industrials,0.020567257123721296,0.0,0.07707188092013728,现金仅撑2个月,,,,,,,,,,,,,,generic,2026-10-09 01:34 UTC
ETR,Entergy Corporation,48967413760.0,0.47716913810993794,20.08709678862099,10.558238960024037,-30772276736.0,-0.6284235652473226,6.252573640624433,0.15378526338441764,2.699231886259016,15.614392291319431,0,-0.21555323115119962,0.3866112918780914,-1.5737077404744075,0.25723046036645975,-0.020204385975384764,0.02312712842544995,Utilities,0.03213341034737956,0.5507854599946662,0.13077775692831306,利息覆盖2.7x过低; 债务/EBITDA=6.3过高,,,,,,,,,,,,,,generic,2026-10-09 01:34 UTC
EVRG,"Evergy, Inc.",18565267456.0,0.522661701556629,25.30650807659187,16.566929641222128,-16476199872.0,-0.8874744148474496,5.808337070647495,0.16506179638715998,2.4457244848288173,0.16525584333543902,0,-0.12609031132581858,0.530847423510467,-0.8785647498831229,0.4088723385220968,0.005797706437296046,0.0010394784058824769,Utilities,0.04326762336733233,0.028430981798857446,0.08634972027139631,利息覆盖2.4x过低; 现金仅撑0个月; 债务/EBITDA=5.8过高,,,,,,,,,,,,,,generic,2026-10-09 01:34 UTC
EXC,Exelon Corporation,42992496640.0,0.42930167367466404,54.53507217072573,20.474399949084557,-50859999488.0,-1.1829971149123755,6.3043687174672405,0.15256999462587803,2.547249647390691,4.12905660125261,0,-0.09378349410503752,0.648404650012367,-0.821893063583815,0.09767224558221341,0.08336312473906027,0.009434848550071706,Utilities,0.05655638053217279,0.0,0.1702127901661673,利息覆盖2.5x过低; 现金仅撑4个月; 债务/EBITDA=6.3过高,,,,,,,,,,,,,,generic,2026-10-09 01:34 UTC
EXE,Expand Energy Corporation,21257875456.0,0.5084912626138322,5.5658386198129355,0.921987250308197,-3065000000.0,-0.1441818589230143,0.5546793684718762,1.2427310046472881,10.71063829787234,2.3215640501896706,4,0.13487570760521783,0.7595372877184347,0.9037932930181418,0.3616375420461071,0.021275059999324775,0.21100281614911842,Energy,0.09949253886531002,1.0,0.27691430505583814,现金仅撑2个月,,,,,,,,,,,,,,generic,2026-10-09 01:34 UTC
EXPE,"Expedia Group, Inc.",32420825088.0,0.9011742347111925,37.391661939894476,41.088394918085115,1437000192.0,0.044323368948802,1.9688581743992548,0.45068225249265653,6.321070234113712,7.6951593276948,4,0.21109074865947194,0.9477363741261114,2.403400309119011,1.0,0.08087962506974211,-0.07199866191033011,Consumer Cyclical,0.028353689256978357,0.0,0.20346179638054496,现金仅撑8个月,,,,,,,,,,,,,,generic,2026-10-09 01:34 UTC
EXR,Extra Space Storage Inc,29379921920.0,0.7077694370639951,35.59344157527156,7.306928045697741,-13718083200.0,-0.4669203423124686,6.238331333007831,0.154122832000385,2.6753950359925183,9.272393717277486,4,0.5415340505018146,0.9937413065477794,1.8778807781116817,1.0,0.20629197785498432,0.16390560915644103,Real Estate,0.02971898640090055,0.06679540088859146,0.12908086489029147,利息覆盖2.7x过低; 现金仅撑9个月; 债务/EBITDA=6.2过高,,,,,,,,,,,,,,generic,2026-10-09 01:34 UTC
F,Ford Motor Company,48848048128.0,0.008971148146763712,20.751396480554,19.11899516078709,-141176002560.0,-2.8901052953040525,21.365433226503097,0.04626324115372718,-7.874718679669917,24.466770564660337,3,0.06657339520577571,0.9529281720751654,,0.0,0.05815471849810683,-0.0009273023605093078,Consumer Cyclical,0.00032242844092212567,1.0,0.2975917646288113,利息覆盖-7.9x过低; 债务/EBITDA=21.4过高,,,,,,,,,,,,,,generic,2026-10-09 01:34 UTC
FAST,Fastenal Company,57937154048.0,0.45011889518931775,69.74473959714011,29.047717610396745,-236800000.0,-0.004087187296148772,0.22586585807146495,2.1014325424662452,267.93548387096774,1.2067796610169492,4,0.128114139381745,0.9700871898054997,0.8348696757787667,0.16706298396439243,0.05515402516123835,0.0018751296157486497,Industrials,0.020068728247105493,0.0038095238095238095,0.03608246183864472,现金仅撑1个月,,,,,,,,,,,,,,generic,2026-10-09 01:34 UTC
FDS,FactSet Research Systems Inc.,10190239744.0,0.5271743531167035,64.64972409104193,21.833377349433373,-1277081952.0,-0.12532403398575034,1.751177001920537,0.4997059225847071,13.800191747745188,6.693781101325938,4,0.2659435907772937,0.9531361715397192,1.0341920139354148,0.4239145103890115,0.07984113351802002,-0.003507169621773887,Financial Services,0.049048306277022564,0.0,0.08620634613816114,现金仅撑7个月,,,,,,,,,,,,,,generic,2026-10-09 01:34 UTC
FDX,FedEx Corporation,69043871744.0,0.21771537162162163,84.24308432056658,18.52825663144321,-29393000448.0,-0.42571483472107413,3.6258021722564466,0.25801110468386257,6.972164948453608,11.615972185441818,4,0.054011824324324324,0.9597867398648648,1.154071734716896,0.0,0.016601213758559163,-0.015071839443739687,Industrials,0.06093227239049777,0.05518356037866543,0.1403270790060379,现金仅撑12个月,,,,,,,,,,,,,,generic,2026-10-09 01:34 UTC
FDXF,"FedEx Freight Holding Company, ",17291771904.0,0.28982376350198974,26.532547428652173,29.520757549683687,-6114000192.0,-0.353578582110818,6.435793925176946,0.14957086790160587,16.50877192982456,1.9854976928147658,3,-0.024104604889141557,0.9569073337123366,-0.3236641221374046,0.0,-0.04456531741335401,0.0,Industrials,0.07454412463663272,0.513372956909361,0.3863419430868077,现金仅撑2个月; 债务/EBITDA=6.4过高,,,,,,,,,,,,,,generic,2026-10-09 01:34 UTC
FE,FirstEnergy Corp.,25942636544.0,0.6530815109343936,37.494552164180824,20.73301319635952,-28919999040.0,-1.1147671514015256,5.345444182180588,0.1787168216572741,2.510658914728682,0.10766163486186273,0,-0.06660039761431412,0.6882041086812458,-0.9852941176470589,0.8436050364479786,0.06594636102267804,0.0033215952046032893,Utilities,0.03378608024336356,0.11252268602540835,0.13600465024164277,利息覆盖2.5x过低; 现金仅撑0个月; 债务/EBITDA=5.3过高,,,,,,,,,,,,,,generic,2026-10-09 01:34 UTC
FFIV,"F5, Inc.",26142504960.0,0.8141306290785966,52.93625055793863,20.376637924368634,1353402016.0,0.05177017344247642,0.2733444239383778,1.9107875316117766,,11.185824832628125,4,0.2935184153737348,0.9859912592711569,1.3091163811779658,1.0,0.04631913174341684,-0.01226702690268322,Technology,0.018898973176287387,0.0,0.017305614710694917,现金仅撑11个月,,,,,,,,,,,,,,generic,2026-10-09 01:34 UTC
FICO,Fair Isaac Corporation,15278815232.0,0.8223278377432166,39.92418593074406,28.80069838555363,-5349565856.0,-0.3501296255481807,4.431034917722143,0.2136279727831242,7.005334949531227,4.2506904295134555,4,0.3713956066421246,0.9802061310914982,1.1341430118445393,1.0,0.1306838755794808,-0.018772961300566493,Technology,0.03219609914319304,0.0,0.6165649491242469,现金仅撑4个月; 债务/EBITDA=4.4过高,,,,,,,,,,,,,,generic,2026-10-09 01:34 UTC
FIS,Fidelity National Information S,17749628928.0,0.36864287721270017,57.640407244749944,36.286953684848456,-20511999488.0,-1.1556297639350852,6.0317819205448355,0.159190499232305,4.0076726342711,4.091659028414298,4,0.17111548187693174,0.9073709843589023,3.0,0.0,0.031797154725512033,-0.0454649515489044,Technology,-0.30387959218073407,0.736551724137931,0.49919789550210636,现金仅撑4个月; 债务/EBITDA=6.0过高,,,,,,,,,,,,,,generic,2026-10-09 01:34 UTC
FISV,"Fiserv, Inc.",24429363200.0,0.5936394092388997,30.710921253079206,35.73870083325182,-28325000000.0,-1.159465343738473,,,3.7851077726975833,1.391253813744007,4,0.20284999764073042,0.9168121549568253,1.235344827586207,0.645464697462999,0.06113528837230442,-0.05361706074776473,,0.12494185685527816,0.0,0.6369527556952007,现金仅撑1个月,,,,,,,,,,,,,,generic,2026-10-09 01:34 UTC
FOX,Fox Corporation,24022747136.0,,,9.681312599701206,-3363000064.0,-0.13999231832067519,1.9495106258468213,0.4546465874039574,6.6807980049875315,3.7021276032281736,4,0.08571762232862315,0.9706878430456616,0.8712166172106824,,0.047201624551486354,-0.05581311501732722,Communication Services,0.06960069930946303,0.2554131683605833,0.15923849727504746,现金仅撑4个月,,,,,,,,,,,,,,generic,2026-10-09 01:34 UTC
FOXA,Fox Corporation,26805792768.0,,,9.681312599701206,-3363000064.0,-0.12545795952040092,1.9495106258468213,0.4546465874039574,6.6807980049875315,3.7021276032281736,4,0.08571762232862315,0.9706878430456616,0.8712166172106824,,0.047201624551486354,-0.05581311501732722,Communication Services,0.06237457755757877,0.2554131683605833,0.16476154007311627,现金仅撑4个月,,,,,,,,,,,,,,generic,2026-10-09 01:34 UTC
FRT,Federal Realty Investment Trust,9166414848.0,0.6724853886901621,71.09232179612896,69.77830991155578,-4736545056.0,-0.5167282012152719,5.79182918766318,0.1655127890808137,3.3072750443865937,3.4532813752093845,4,0.2588322680271311,0.7722097773607772,0.8052992505053798,0.9082846289672069,0.05982700870532742,0.019780210423030464,Real Estate,0.03623993191541837,0.3852385658809155,0.17045542859368468,现金仅撑3个月; 债务/EBITDA=5.8过高,,,,,,,,,,,,,,generic,2026-10-09 01:34 UTC
FTV,Fortive Corporation,17200259072.0,0.6350171912192542,27.88800851655585,5.569644353727558,-3223899968.0,-0.18743322147095623,2.9143853511426068,0.31601713730564346,5.997510373443983,2.337654224582227,4,0.2604409607847852,0.9710514293957827,1.8701657458563536,0.7833906373975138,-0.10624788606146962,-0.03879553854775297,Technology,0.04408509178994766,0.304598391163405,0.1196754346576665,现金仅撑2个月,,,,,,,,,,,,,,generic,2026-10-09 01:34 UTC
GDDY,GoDaddy Inc.,13068776448.0,0.6361414635131587,75.31026168038342,34.89144553699056,-2638900096.0,-0.20192403676809761,2.785641686525694,0.329419642785478,7.754966887417218,7.174820811455847,4,0.31821211447961056,0.9951727898850761,1.8005714285714285,0.787138211710529,0.06564722266304868,-0.043212973810313526,Technology,0.06769761526798442,0.31851905731742797,0.23664737363243182,现金仅撑7个月,,,,,,,,,,,,,,generic,2026-10-09 01:34 UTC
GEHC,GE HealthCare Technologies Inc.,29213151232.0,0.39985454545454546,51.78635921367734,28.46190180038556,-8461999616.0,-0.28966404715458255,2.933760052257346,0.31409402203252756,7.290909090909091,4.548404880218778,4,0.07296969696969698,0.9766303030303031,0.722168905950096,0.0,0.039896976391051275,0.0012734019881552872,Healthcare,0.06470544670064302,0.18162839248434237,0.2715517405507495,现金仅撑5个月,,,,,,,,,,,,,,generic,2026-10-09 01:34 UTC
GEN,Gen Digital Inc.,13617854464.0,0.7846,42.53425829934698,9.429276787698523,-7643000000.0,-0.5612484712775383,3.3925313005161852,0.27453436017373123,3.6555360281195077,3.617647058823529,4,0.3046,0.9956,1.565262076053443,1.0,0.1465900735417971,-0.022371763476487283,Technology,0.06530030133240232,0.5449775112443778,0.2757083696110114,现金仅撑4个月,,,,,,,,,,,,,,generic,2026-10-09 01:34 UTC
GILD,"Gilead Sciences, Inc.",182397419520.0,0.7882616670063175,44.61013924713363,26.90084610022453,-21364000768.0,-0.11712885425803637,1.7975481648546732,0.48838899966535154,10.56640625,5.091161767967325,4,0.32117383329936827,0.9808776577678147,1.1111633372502938,1.0,0.025736179862614117,-0.0016923510759047078,Healthcare,0.02638058154913967,0.9152691968225949,0.05584080088465715,现金仅撑5个月,,,,,,,,,,,,,,generic,2026-10-09 01:34 UTC
GIS,"General Mills, Inc.",17425453056.0,0.33627324338113174,52.50878790366217,34.81493955299891,-13182499616.0,-0.7565082855312592,3.9869983487063267,0.23601614107433574,1.7119030898876404,1.53377600708278,4,0.0882678592750996,0.9706967858189595,,0.0,-0.028500795823470426,-0.031023405784427083,Consumer Defensive,0.10470459471765484,1.0,0.33948115014591174,利息覆盖1.7x过低; 现金仅撑2个月,,,,,,,,,,,,,,generic,2026-10-09 01:34 UTC
GLW,Corning Incorporated,131378446336.0,0.35965192910614885,35.17261234265561,7.450636359827327,-6875000320.0,-0.05232974290483849,2.295960946619706,0.3927790021004479,7.107142857142857,8.991023339317774,4,0.09040885533303475,0.9179729989122785,0.8853383458646616,0.0,0.03274507876886834,0.013727421426203978,Technology,0.007609695714037767,0.5585106382978723,0.402284014346329,现金仅撑9个月,,,,,,,,,,,,,,generic,2026-10-09 01:34 UTC
GM,General Motors Company,72170389504.0,0.06267464422572817,26.68634043463474,16.594368956763162,-104052998144.0,-1.4417685543769017,7.822378611027551,0.12387922422691071,5.287482806052269,34.146194845631406,1,0.009571989903739616,0.8643598765532189,0.6566555431961438,0.0,0.05685834354915076,-0.13566891648780233,Consumer Cyclical,0.09964612979678342,0.5510985352862849,0.08914731760467098,债务/EBITDA=7.8过高,,,,,,,,,,,,,,generic,2026-10-09 01:34 UTC
GNRC,Generac Holdlings Inc.,13253946368.0,0.3829129750041992,28.904362945621102,11.595128274732135,-1139053952.0,-0.08594073948798402,2.216627195078967,0.4054118928044924,3.8156781758773355,2.461289059132915,3,0.06370126773904547,0.9596474059946113,1.680484350125976,0.0,-0.026671490695003963,-0.01509864411404982,Industrials,0.019582205389530667,0.5094510170450353,0.24071195977388038,现金仅撑2个月,,,,,,,,,,,,,,generic,2026-10-09 01:34 UTC
GPC,Genuine Parts Company,17669484544.0,0.3679278239578939,60.78881343633925,46.512901479350404,-6093667136.0,-0.3448695473162072,3.241172454581079,0.28643672376820306,1.3190586278179395,0.868410757012024,4,0.01732187479899808,0.9806652150701513,3.0,0.0,0.03220324726356383,-0.007923594086268304,Consumer Cyclical,0.04908527455004406,0.9270581234321008,0.1412970461882519,利息覆盖1.3x过低; 现金仅撑1个月,,,,,,,,,,,,,,generic,2026-10-09 01:34 UTC
GPN,Global Payments Inc.,21902462976.0,0.7257442954586096,13.401375743824339,9.37702112881179,-18146847232.0,-0.8285299809379758,5.255426692770491,0.18163896384510225,2.939709963780107,15.751845912919647,4,0.2645802334270021,0.9198314585307475,1.456190848270882,1.0,-0.0495682906305519,-0.03462085171234941,Industrials,0.0464353940976615,0.10841938020778609,0.12717499689047673,利息覆盖2.9x过低; 债务/EBITDA=5.3过高,,,,,,,,,,,,,,generic,2026-10-09 01:34 UTC
GWW,"W.W. Grainger, Inc.",59897872384.0,0.3906476424032995,71.32274901619176,35.40263751104919,-2207999936.0,-0.036862744002736966,0.8697139104477611,0.8930852699687468,31.0,1.5657953035002214,4,0.07418348010255267,0.9618771597369301,0.7801875732708089,0.0,0.056191483803869735,-0.019186221171841766,Industrials,0.029178832743763053,0.10633839706652698,0.09511920755252523,现金仅撑2个月,,,,,,,,,,,,,,generic,2026-10-09 01:34 UTC
HAS,"Hasbro, Inc.",13046612992.0,0.645821368557633,23.387298015402195,6.658684196073369,-2500000000.0,-0.1916206146018867,2.982772077293811,0.3093320457151161,0.37576499388004897,8.360327958750378,4,0.14781018016293365,0.9578201773977411,,0.8194045618587764,-0.07063068574893083,0.0052905365552875505,Consumer Cyclical,-0.023427536341226667,1.0,0.1268642829118274,利息覆盖0.4x过低; 现金仅撑8个月,,,,,,,,,,,,,,generic,2026-10-09 01:34 UTC
HCA,"HCA Healthcare, Inc.",98720931840.0,0.415,46.39226613545458,60.548887784555326,-50422002048.0,-0.5107528981768574,3.2737664952305026,0.283787249056804,5.3736654804270465,0.6986449585243959,4,0.10174603174603175,0.9346031746031747,1.1338443396226414,0.049999999999999864,0.07868780037013456,-0.06792889701544436,Healthcare,0.05933138890436146,0.07106149211412369,0.1836626019855767,现金仅撑1个月,,,,,,,,,,,,,,generic,2026-10-09 01:34 UTC
HD,"Home Depot, Inc. (The)",294787350528.0,0.33315521334928316,92.74771775710568,23.376097816408443,-61103000832.0,-0.20727823199522333,2.563615793596693,0.3554145531439753,8.712271973466004,0.7364238184547461,4,0.07678995403289957,0.9776601106367991,0.8933314495620231,0.0,0.015185146415588768,-0.006767651525348417,Consumer Cyclical,0.05191030067128512,0.11470330312774042,0.2460576529155345,现金仅撑1个月,,,,,,,,,,,,,,generic,2026-10-09 01:34 UTC
HII,"Huntington Ingalls Industries, ",10443006976.0,0.1269625120153797,58.12061554284814,23.012260212420223,-2923000064.0,-0.27990023091218896,2.508547063247863,0.36250967522831323,8.4,0.14784394250513347,4,0.06360140980454983,0.9677987824415252,1.312396694214876,0.0,0.05353361774943943,-0.005531569410262893,Industrials,0.05781380797576133,0.19236417033773862,0.41590817755791454,现金仅撑0个月,,,,,,,,,,,,,,generic,2026-10-09 01:34 UTC
HLT,Hilton Worldwide Holdings Inc.,72761237504.0,0.2820001661267547,44.700082502846875,20.354993154795206,-13014000064.0,-0.1788589709360642,4.54112696373057,0.2087191609761388,4.341935483870968,17.247863247863247,4,0.16147520558185896,0.9846332751889691,1.334248455730954,0.0,0.11125593900582187,-0.048930558432147664,Consumer Cyclical,0.01851260432350329,0.09083665338645418,0.07689450226119554,债务/EBITDA=4.5过高,,,,,,,,,,,,,,generic,2026-10-09 01:34 UTC
HON,Honeywell International Inc.,65479806976.0,0.3693445862934672,61.8264355528695,13.460990242696655,-25759001600.0,-0.3933884779080263,4.106555669172932,0.22953913043646346,5.074404761904762,15.195814248416415,4,0.14481064045724054,0.9736659366486833,1.1465426094311695,0.0,0.0182371617394117,-0.016394740216049253,Industrials,0.08039883199303828,0.17107800175284837,0.2058010958983819,债务/EBITDA=4.1过高,,,,,,,,,,,,,,generic,2026-10-09 01:34 UTC
HPE,Hewlett Packard Enterprise Comp,94250000384.0,0.3025717284814556,36.37351189633171,16.09293861495368,-14104999424.0,-0.14965516569265164,2.949346850728069,0.31256379713016486,14.051282051282051,8.541394709721745,4,0.018282015395381386,0.9331700489853044,3.0,0.0,0.06370170685761956,0.009611315214420824,Technology,0.014665782433616334,0.9778984102365258,0.015119938871708927,现金仅撑9个月,,,,,,,,,,,,,,generic,2026-10-09 01:34 UTC
HPQ,HP Inc.,29254098944.0,0.20602224432588842,50.97406571078432,11.470040741267105,-6170000384.0,-0.21091062814175188,2.230155252174343,0.40320056541754945,5.807207207207207,6.440267666323377,4,0.05063748982728999,0.9837779184374718,1.1071569790431,0.0,-0.04209584055759441,-0.02043196908640832,Technology,0.09997744266876026,0.14955562365920932,0.08568210131762954,现金仅撑6个月,,,,,,,,,,,,,,generic,2026-10-09 01:34 UTC
HRL,Hormel Foods Corporation,10687812608.0,0.1562688746885883,60.6422298891641,35.30891120075733,-1986676928.0,-0.1858824626577884,2.25713557426671,0.3988615574937471,9.501614598016351,10.456653855415883,4,0.04413860381822147,0.9743186939541523,1.117424408768771,0.0,-0.009525432287289193,0.002356183624493857,Consumer Defensive,0.07196968436967566,0.4059944996385264,0.26744625014614487,现金仅撑10个月,,,,,,,,,,,,,,generic,2026-10-09 01:34 UTC
HSIC,"Henry Schein, Inc.",9640774656.0,0.3113622572815534,66.27874853974323,26.389198900926907,-3655999936.0,-0.3792226316299867,3.530555496296296,0.2645113928309403,4.553333333333334,0.5628921422169106,4,0.03951759708737864,0.9855127427184466,1.3090452261306533,0.0,0.013957826846691779,-0.0422851954266259,Healthcare,0.04517271853553425,0.22676579925650558,0.06856706267976642,现金仅撑1个月,,,,,,,,,,,,,,generic,2026-10-09 01:34 UTC
HST,"Host Hotels & Resorts, Inc.",15659134976.0,0.5260058881256133,51.119394849101646,66.89569792307208,-3692000256.0,-0.23577293775540925,3.3303834683513025,0.27929969201329174,4.480851063829787,9.826414772327045,4,0.1416421328099444,0.8946679751390252,1.1320261437908496,0.4200196270853777,0.0760599281050931,-0.012107498834441843,Real Estate,0.045261120814544795,0.05810810810810811,0.11746279923490976,现金仅撑10个月,,,,,,,,,,,,,,generic,2026-10-09 01:34 UTC
HSY,The Hershey Company,32658456576.0,0.33548561069861765,16.102495862472413,26.30627933163287,-5132099136.0,-0.15714457062773352,2.1763953498872013,0.412133991291439,6.4011369803297065,3.8586830542041293,4,0.14959475140465198,0.9548244116608693,1.9803341941604897,0.0,0.03917965670073964,-0.0034679916186207693,Consumer Defensive,0.05060788761262494,0.602357513081663,0.3120873788476811,现金仅撑4个月,,,,,,,,,,,,,,generic,2026-10-09 01:34 UTC
HUBB,Hubbell Inc,25120980992.0,0.35316360401053964,31.11690070646165,32.70856771276655,-5161899808.0,-0.20548161752297225,3.666512497968723,0.2553291992604758,18.458658346333852,5.537706068046299,4,0.1496595147657667,0.9734626835027205,0.9860218690113854,0.0,0.05708836650420146,-0.002712621054141051,Industrials,0.029491284605323746,0.0,0.1477816178753747,现金仅撑6个月,,,,,,,,,,,,,,generic,2026-10-09 01:34 UTC
HUM,Humana Inc.,46485487616.0,,,33.735760511071646,9127000064.0,0.19634084812436273,4.100111377085651,0.22987917166156518,3.464342313787639,,4,0.002892090325765054,0.9957891164856861,0.31565656565656564,,0.11767273447695548,-0.011830667031646258,Healthcare,0.04135699330253531,0.515066291683407,0.05534405405409426,债务/EBITDA=4.1过高,,,,,,,,,,,,,,generic,2026-10-09 01:34 UTC
HWM,Howmet Aerospace Inc.,88757239808.0,0.34173533688802715,27.438229849719963,26.72264679970444,-4101000000.0,-0.04620468154340197,1.6692914150570155,0.5210256202653277,13.185430463576159,9.791304347826086,4,0.1734125060591372,0.9451042171594765,0.9489389920424404,0.0,0.13371585224230054,-0.008593481710576611,Industrials,0.010976569371777462,0.0,0.23950110302302874,现金仅撑10个月,,,,,,,,,,,,,,generic,2026-10-09 01:34 UTC
IBKR,"Interactive Brokers Group, Inc.",147328925696.0,0.8976716885149677,23.109346790077627,2.8776960260322957,85079998464.0,0.5774833289666073,,,2.1308366911590424,4057.6434048992246,4,1.5402073958129525,0.9934455096849931,3.0,1.0,0.34597874218853675,0.02670732855993041,Financial Services,0.004613825810435916,0.0,0.11936043313265932,利息覆盖2.1x过低,,,,,,,,,,,,,,generic,2026-10-09 01:34 UTC
IBM,International Business Machines,213497069568.0,0.5818674484719261,39.37031318347024,26.65160288860502,-57140000768.0,-0.2676383375360597,3.9623627005154622,0.23739646158143768,6.337467700258398,3.6405147147174035,4,0.16961324330727315,0.9742655768775171,1.081374492589446,0.6062248282397535,0.03718179905928398,0.011226337821027998,Technology,0.03016200649980811,0.19714742735270593,0.3116970110608721,现金仅撑4个月,,,,,,,,,,,,,,generic,2026-10-09 01:34 UTC
ICE,Intercontinental Exchange Inc.,87212638208.0,0.5615506329113924,46.50347298253564,12.969617037956194,-19459999552.0,-0.22313279304300346,3.057342857214758,0.3023575248083408,6.412204234122043,6.100047641734159,4,0.30625,0.9374208860759494,1.1677224736048266,0.5385021097046413,0.0946705327442019,0.004747845661278172,Financial Services,0.028330182996039198,0.0,0.11279268595984049,现金仅撑6个月,,,,,,,,,,,,,,generic,2026-10-09 01:34 UTC
IDXX,"IDEXX Laboratories, Inc.",40478023680.0,0.6179747110743262,52.0996533054828,38.13597758194122,-899148032.0,-0.022213239438472508,0.675890218758342,1.080041650446467,35.08290435498816,1.8184752729410534,4,0.2424840288663109,0.96788206990168,0.9850065693596007,0.7265823702477541,0.08522326458275908,-0.01296276486714354,Healthcare,0.021440411885247458,0.0,0.3306985710458763,现金仅撑2个月,,,,,,,,,,,,,,generic,2026-10-09 01:34 UTC
IEX,IDEX Corporation,17084585984.0,0.44506146059291396,79.08241518465476,29.234374303872155,-1264200064.0,-0.07399652910430164,1.9484345296578536,0.45486912915056515,10.822981366459627,9.105519804592086,4,0.1783947939262473,0.9816052060737527,1.2764900662251655,0.15020486864304647,0.028075999700655663,-0.004490010332907857,Industrials,0.03177132887553384,0.15282670692836772,0.036462681343237824,现金仅撑9个月,,,,,,,,,,,,,,generic,2026-10-09 01:34 UTC
IFF,International Flavors & Fragran,21611440128.0,0.3616161616161616,36.709286601389636,23.623561707812744,-5710000064.0,-0.26421191878842293,3.285714209164987,0.282828288951602,-0.7991266375545851,2.205426356589147,3,0.02332415059687787,0.9452708907254361,,0.0,-0.043387980933718207,0.0009554625961250007,Basic Materials,-0.05271513574534888,1.0,0.038832726022438036,利息覆盖-0.8x过低; 现金仅撑2个月,,,,,,,,,,,,,,generic,2026-10-09 01:34 UTC
INTC,Intel Corporation,566036135936.0,0.34766238434904356,20.077726088679736,14.215606984927271,-20810000384.0,-0.03676443792689752,3.001009649436873,0.30759674926625213,2.4271310724106323,19.389281819328186,0,-0.0936370688513424,0.7228917942217092,,0.0,-0.05712887978236014,0.06476640256983335,Technology,-0.004116344968236173,1.0,0.2402440756621128,利息覆盖2.4x过低,,,,,,,,,,,,,,generic,2026-10-09 01:34 UTC
INTU,Intuit Inc.,81207681024.0,0.8017064528161134,56.109400091360726,50.60163862667702,-1221000192.0,-0.015035525908431584,1.229522597560147,0.6758936981760747,24.50390625,7.841713559629698,4,0.40176240208877284,0.9896960089518836,1.887209811651336,1.0,0.14286998540558393,-0.014518000780183504,Technology,0.04242825255632804,0.0,0.5553344380673455,现金仅撑8个月,,,,,,,,,,,,,,generic,2026-10-09 01:34 UTC
INVH,Invitation Homes Inc.,15639702528.0,0.5842455343795616,51.48979362392604,34.347645264494986,-8472637840.0,-0.5417390659976624,5.722495103409808,0.16743421010576995,2.66958370008519,1.6109847859669453,4,0.35301337780878295,0.9110569172416623,1.6387798422925413,0.6141517812652053,0.06837165898740327,-0.0003395757766747609,Real Estate,0.031084990211905902,0.1261920803896279,0.13435765249592058,利息覆盖2.7x过低; 现金仅撑2个月; 债务/EBITDA=5.7过高,,,,,,,,,,,,,,generic,2026-10-09 01:34 UTC
IP,International Paper Company,16882688000.0,0.29605652872979604,61.83821197228358,3.1553950943823135,-9176999552.0,-0.5435745511615212,2.5172850101137567,0.36136501890670536,-5.112522686025408,1.2433281004709578,3,-0.006727595836506728,0.9214267580604214,,0.0,0.0375292471900297,0.146563014730404,Consumer Cyclical,-0.017281015914053496,1.0,0.35190079181143685,利息覆盖-5.1x过低; 现金仅撑1个月,,,,,,,,,,,,,,generic,2026-10-09 01:34 UTC
IQV,"IQVIA Holdings, Inc.",42611650560.0,0.33292458614347026,58.69984020446659,44.195283308303914,-14174999552.0,-0.33265549129669764,5.333005102362205,0.17911500735990615,3.1824417009602195,7.941457206490615,4,0.1257510729613734,0.9630288166768853,1.5080882352941176,0.0,0.04214942539507627,-0.029777560789264856,Healthcare,0.030402483428231698,0.009468317552804079,0.058686585614171505,现金仅撑8个月; 债务/EBITDA=5.3过高,,,,,,,,,,,,,,generic,2026-10-09 01:34 UTC
IR,Ingersoll Rand Inc.,30263955456.0,0.4360663451358664,35.65915970821395,16.48257932298205,-3724999808.0,-0.12308370640499003,2.435449296702051,0.37237716654270137,4.683733753446239,7.76455106828013,4,0.15947143473316866,0.9822765949104026,2.0985552115583075,0.12022115045288792,0.08948380588960547,-0.011651235885512423,Industrials,0.023157911430941275,0.3067016455998092,0.21020657844451973,现金仅撑8个月,,,,,,,,,,,,,,generic,2026-10-09 01:34 UTC
IRM,Iron Mountain Incorporated (Del,33631488000.0,0.5538108739872296,59.00803968140405,30.470903343542545,-19742327648.0,-0.5870191544305147,7.81929363028913,0.12392658463268351,1.2494949566548763,1.016200762755563,1,-0.14592210627556512,0.6599240162295376,-6.965274463832466,0.5127029132907653,0.10584603013300264,0.0056509870338044,Real Estate,0.007923839111727676,0.6692274960905309,0.15098449351048482,利息覆盖1.2x过低; 现金仅撑1个月; 债务/EBITDA=7.8过高,,,,,,,,,,,,,,generic,2026-10-09 01:34 UTC
IT,"Gartner, Inc.",12339941376.0,0.6839304958762401,64.70470167887784,36.70707621841472,-1840790016.0,-0.14917331937898504,2.4058772479179322,0.37652342584129117,8.727819152757489,5.466585242079108,4,0.1808807327927334,0.9822782830703441,1.611592211521452,0.9464349862541337,0.05866587905959064,-0.03635189793098548,Technology,0.07441710799258824,0.4183438819827473,0.24309565984196868,现金仅撑5个月,,,,,,,,,,,,,,generic,2026-10-09 01:34 UTC
ITW,Illinois Tool Works Inc.,75389403136.0,0.44097481924707055,41.10281251472214,47.8578314143972,-8855000128.0,-0.11745682761310461,2.0170619787382575,0.4410995417763364,14.582191780821917,3.5215110178384053,4,0.168723510346547,0.9738843181251559,0.8829093281148076,0.13658273082356842,0.0023378226519090717,-0.018254703780612336,Industrials,0.0416006742266192,0.12098623853211009,0.11645532021912763,现金仅撑4个月,,,,,,,,,,,,,,generic,2026-10-09 01:34 UTC
IVZ,Invesco Ltd,13284728832.0,0.3523858807294852,27.947314627331732,15.979091798073465,-708600000.0,-0.053339440267168865,1.124031007751938,0.7277856135401974,-3.5987878787878786,3.7326446702232494,4,0.2259647802292578,0.9867808251399539,,0.0,0.01776834885182499,-0.007979063404913278,Financial Services,0.024782214538468347,1.0,0.0966677000285272,利息覆盖-3.6x过低; 现金仅撑4个月,,,,,,,,,,,,,,generic,2026-10-09 01:34 UTC
J,Jacobs Solutions Inc.,16364828672.0,0.24812866533003963,59.234457660623285,26.932065483362475,-2875550976.0,-0.17571531200445922,3.8378693482557305,0.24462621351308453,4.727858259939089,6.67012833262622,4,0.05049733648562073,0.9934136800306373,2.099538253103658,0.0,0.07134040631933236,-0.022240080673598506,Industrials,0.03674412131358487,0.6410637482275618,0.15720022938291167,现金仅撑7个月,,,,,,,,,,,,,,generic,2026-10-09 01:34 UTC
JBHT,"J.B. Hunt Transport Services, I",21448638464.0,0.13306202400580844,87.85223133759374,16.114206870356714,-1399174960.0,-0.06523374256824808,0.8383316087881152,0.9188375968548091,11.559157514028136,0.06827101174894575,3,0.07897136584289349,0.9391048292304687,1.5838434049495054,0.0,-0.06783654566877806,-0.030304219706888347,Industrials,0.03341477834142862,0.24868597649355084,0.23454309384484973,现金仅撑0个月,,,,,,,,,,,,,,generic,2026-10-09 01:34 UTC
JCI,Johnson Controls International ,93284179968.0,0.3641295134768605,57.168632066566104,28.147103534847307,-8834000320.0,-0.09469987647455759,2.1907514218209774,0.4097098914128369,9.674008810572687,1.3344899375433728,4,0.040896762163078484,0.9816070520427191,0.2932239440899423,0.0,0.04567632285300438,-0.03904744573994312,Industrials,0.022450216110796138,0.07787993510005409,0.029982329752669346,现金仅撑1个月,,,,,,,,,,,,,,generic,2026-10-09 01:34 UTC
JKHY,"Jack Henry & Associates, Inc.",10450193408.0,0.43653302488386964,50.4758693943793,79.84605675739955,-65765000.0,-0.006293184961500762,0.11082233938207238,2.77144702767726,122.1787636903657,0.3041532202962231,4,0.19907174319145365,0.8995990707213151,1.0074188107626458,0.12177674961289872,0.06986892255213517,-0.013082568380653803,Technology,0.04083622985133559,0.0,0.22611631189851178,现金仅撑0个月,,,,,,,,,,,,,,generic,2026-10-09 01:34 UTC
JNJ,Johnson & Johnson,618090790912.0,0.6787871710212011,65.4121971161116,51.628530424686346,-28278001664.0,-0.045750562991361654,1.4061711562296504,0.6038023281823999,34.55406797116375,6.49685703012441,4,0.20503646767806524,0.9446137186415127,0.7205267870467095,0.9292905700706704,0.05599284954178807,-0.026948964219290827,Healthcare,0.03800574340436097,0.5998634540437516,0.07883483197520624,现金仅撑6个月,,,,,,,,,,,,,,generic,2026-10-09 01:34 UTC
KDP,Keurig Dr Pepper Inc.,42539421696.0,0.5420104800337289,44.23377103389379,34.90417621466829,-32002000512.0,-0.752290445805688,6.974828388935091,0.13841159210528955,4.563660477453581,3.425364758698092,4,0.0896223574052882,0.9697042703125941,0.7157287157287158,0.47336826677909616,0.05705594810720571,-0.011911339282474787,Consumer Defensive,0.04194344748621192,0.33929390187987163,0.0668656648094974,现金仅撑3个月; 债务/EBITDA=7.0过高,,,,,,,,,,,,,,generic,2026-10-09 01:34 UTC
KHC,The Kraft Heinz Company,26657316864.0,0.33313286825435007,40.44353935720221,35.52256797468173,-16320000000.0,-0.6122146532324012,3.4591296690054802,0.2696050257709452,-4.74973600844773,8.761437699346406,4,0.14678053083152914,0.9678854943468848,,0.0,-0.019809627469887126,-0.011360389641123292,Consumer Defensive,0.01984445781617281,1.0,0.18609707244091933,利息覆盖-4.7x过低; 现金仅撑9个月,,,,,,,,,,,,,,generic,2026-10-09 01:34 UTC
KIM,Kimco Realty Corporation (HC),14817737728.0,0.6905149066686105,81.53942942378764,17.21332818968166,-8156444032.0,-0.5504513699542246,6.650191617857377,0.14492351160394534,2.494975711395656,11.088931639707672,4,0.5233431271949744,,1.915403571837788,0.9683830222287015,0.07396715816335053,0.029114967547139603,Real Estate,0.029960292060043133,0.37215046318585665,0.16262316696957935,利息覆盖2.5x过低; 现金仅撑11个月; 债务/EBITDA=6.7过高,,,,,,,,,,,,,,generic,2026-10-09 01:34 UTC
KMB,Kimberly-Clark Corporation,32443848704.0,0.36012646683285704,27.943328945968048,14.070870788135515,-5582999808.0,-0.17208192095013908,1.878483173864672,0.46981813729084215,9.015625,3.211646136618141,4,0.09965343223688211,0.9308080501003222,0.8109846610588818,0.0,-0.06583329792377168,-0.005563737269764335,Consumer Defensive,0.06367925146147298,0.20589390962671905,0.19515813653801406,现金仅撑3个月,,,,,,,,,,,,,,generic,2026-10-09 01:34 UTC
KMI,"Kinder Morgan, Inc.",71750631424.0,0.5287240951762414,14.405835925234866,7.023622797318624,-32334000960.0,-0.4506441311843918,4.246889558009534,0.22237593054044932,,0.25809501299929094,4,0.1706913857235638,0.8213378992737793,0.9460078534031413,0.429080317254138,-0.040941527613036044,-0.0034082698068442774,Energy,0.03696134720164884,0.06161695447409733,0.06004084205297189,现金仅撑0个月; 债务/EBITDA=4.2过高,,,,,,,,,,,,,,generic,2026-10-09 01:34 UTC
KR,Kroger Company (The),36268048384.0,0.23300957722057408,59.44306396381017,42.94747494405395,-22481999104.0,-0.6198844466612697,3.0036055800935313,0.3073513292816682,2.8779342723004695,0.6186023622047244,4,0.02340797334091925,0.9738895436257975,3.0,0.0,-0.0013868956327633963,-0.049422863159357955,Consumer Defensive,0.05575844552176497,0.6187617260787992,0.18769839832161395,利息覆盖2.9x过低; 现金仅撑1个月,,,,,,,,,,,,,,generic,2026-10-09 01:34 UTC
KVUE,Kenvue Inc.,34055313408.0,0.581327691087014,45.517682190891655,30.899426080757262,-7503000192.0,-0.22031804852623837,2.4742890980621954,0.36706823835668045,5.648837209302326,2.191870988974823,4,0.11385876752181963,0.9685929648241206,1.1714285714285715,0.6044256369567133,0.0038646439492577844,0.004766948806506077,Consumer Defensive,0.0457197378084984,0.38100961538461536,0.10590017093037163,现金仅撑2个月,,,,,,,,,,,,,,generic,2026-10-09 01:34 UTC
LDOS,"Leidos Holdings, Inc.",14996143104.0,0.18044718760917666,39.64584752838066,31.798098961756338,-5829999872.0,-0.38876662029484993,2.7615447181033903,0.3320555042695098,10.403940886699507,8.984984984984985,4,0.09461977407709328,0.9927215558402236,1.1222375690607735,0.0,0.06057944749313893,-0.026535734380715548,Technology,0.05978203820693548,0.7094890510948905,0.40255575345804073,现金仅撑9个月,,,,,,,,,,,,,,generic,2026-10-09 01:34 UTC
LH,Labcorp Holdings Inc.,25481621504.0,0.28759936065139013,41.12906299543541,31.54093114715507,-6681200064.0,-0.2621968175357762,2.9412017741887606,0.313361570580792,5.941990182954038,0.6816488402836197,4,0.08644107886494119,0.9688568418185597,1.3759269823160296,0.0,0.05552020379451106,-0.023210286429221627,Healthcare,0.032568571033429944,0.6732077241810648,0.07408494254189468,现金仅撑1个月,,,,,,,,,,,,,,generic,2026-10-09 01:34 UTC
LHX,"L3Harris Technologies, Inc.",44117966848.0,0.25726046192545166,44.039601325417536,17.63522677797242,-9478000128.0,-0.21483311233844102,2.6554803776191482,0.3441771652298801,4.236180904522613,5.252373879712231,4,0.12266178824605534,0.9806082780699749,1.6699875466998755,0.0,0.08619178709998354,-0.006632097584335139,Industrials,0.030582778319059496,0.0,0.37402242841959865,现金仅撑5个月,,,,,,,,,,,,,,generic,2026-10-09 01:34 UTC
LII,"Lennox International, Inc.",12495067136.0,0.3339171943872346,28.60993620628051,18.669563809453965,-1972600032.0,-0.15787030277865968,1.7293303997266827,0.5052213617989628,22.482758620689655,0.9172535211267606,4,0.12295728831828769,0.9771331780647893,0.7927525440555969,0.0,0.032615465451786285,-0.006373475373170345,Industrials,0.05412535944296666,0.0065343360867957095,0.36898507576210315,现金仅撑1个月,,,,,,,,,,,,,,generic,2026-10-09 01:34 UTC
LIN,Linde plc,222054154240.0,0.4883481433531454,26.474647128753393,35.19111597070858,-23115000832.0,-0.10409623234076902,2.0266966028492863,0.4392328774719037,20.174568965517242,8.004357682691,4,0.14973812746425,0.8452009651032778,0.7377500724847782,0.29449381117715134,0.006176060609136114,-0.019870503295648434,Basic Materials,0.02680539808125681,0.0,0.11879847925727016,现金仅撑8个月,,,,,,,,,,,,,,generic,2026-10-09 01:34 UTC
LITE,Lumentum Holdings Inc.,94985183232.0,0.4166887856668879,10.722133060905879,2.24185291093845,1067200000.0,0.011235436556387734,2.0871736395784235,0.42786722520983883,-328.0275229357798,45.65902459358066,2,0.09956867949568679,0.8502654280026543,,0.05562928555629287,0.19481931003065855,0.10091861265015334,Technology,-0.019969693540170693,1.0,0.07481916975603065,利息覆盖-328.0x过低,,,,,,,,,,,,,,generic,2026-10-09 01:34 UTC
LLY,Eli Lilly and Company,1042531221504.0,0.8304361834333144,29.921724125909183,8.876810007343979,-45957998592.0,-0.044083090888826365,1.3165175740468356,0.6383586220591625,38.04253138611325,4.396054004829929,3,0.09150186409733196,0.8335506835023551,0.288953488372093,1.0,0.31687374880620434,-0.019818746491092387,Healthcare,0.010243050548255478,0.16090187035613632,0.08649264507136123,现金仅撑4个月,,,,,,,,,,,,,,generic,2026-10-09 01:34 UTC
LNT,Alliant Energy Corporation,16983148544.0,0.45667125171939477,34.41534457976489,14.461947523759969,-12092999616.0,-0.7120587554580597,6.625478425385795,0.14544442410113276,2.360082304526749,0.31023784901758017,4,0.2679963319578175,0.71939477303989,1.44320987654321,0.1889041723979825,0.012293745856755134,0.007904249622762816,Utilities,0.04252744996776023,0.01849217638691323,0.1605792512535752,利息覆盖2.4x过低; 现金仅撑0个月; 债务/EBITDA=6.6过高,,,,,,,,,,,,,,generic,2026-10-09 01:34 UTC
LOW,"Lowe's Companies, Inc.",105955057664.0,0.334758825301903,91.77692986409522,14.748907489852986,-38859001600.0,-0.36674985089648054,3.3019877296981077,0.281532504079059,6.72822527832351,2.0320307495195387,4,0.08867023619127089,0.9743527339313446,1.149834685903216,0.0,-0.038458186348783285,-0.022724669104446926,Consumer Cyclical,0.06553250173313029,0.09953404090085426,0.3428790268355889,现金仅撑2个月,,,,,,,,,,,,,,generic,2026-10-09 01:34 UTC
LULU,lululemon athletica inc.,10260604928.0,0.566005440167168,40.2047301544716,15.003739104881967,-751390080.0,-0.07323058292104627,0.8981516312291463,0.870965099731171,,4.0939668399567255,4,0.08301433898366148,0.9386808495307406,0.5836404013974315,0.5533514672238934,0.11034694078962404,-0.02918396171521509,Consumer Cyclical,0.14128769796446838,0.12974260118945274,0.5706874272330786,现金仅撑4个月,,,,,,,,,,,,,,generic,2026-10-09 01:34 UTC
LUV,Southwest Airlines Company,20233650176.0,0.1744289634037701,39.51302918735191,24.68471138376334,-3097999872.0,-0.15311126984268367,2.946535634369787,0.3128386836197917,5.982300884955753,10.184016290127602,0,-0.029611944553326445,0.9047500267255817,-1.8843537414965987,0.0,0.056251281802036646,-0.046098259240009654,Industrials,0.023599300958874105,0.137291280148423,0.2452554528070081,现金仅撑10个月,,,,,,,,,,,,,,generic,2026-10-09 01:34 UTC
LVS,Las Vegas Sands Corp.,23382011904.0,0.49788737804409616,19.74545229438811,1.488483339252982,-11907999744.0,-0.5092803730017296,3.2946754759949926,0.282113272927841,3.9664879356568363,11.943396226415093,3,0.13674425750941077,0.9045094875931474,1.094038106945298,0.32629126014698717,0.4685532350721122,-0.04048496137337154,Consumer Cyclical,0.06549906852703312,0.3335152838427948,0.48050079746882834,现金仅撑12个月,,,,,,,,,,,,,,generic,2026-10-09 01:34 UTC
LYB,LyondellBasell Industries NV,19492110336.0,0.0854641329220973,29.52483392446748,6.525339397078913,-11681000448.0,-0.5992681267777531,4.016255713004484,0.2343975765333945,-0.4681724845995893,18.206185127147766,4,0.012735051238682718,0.9377176400358174,,0.0,-0.15766098558982566,-0.00401943791629078,Basic Materials,0.08479071642373859,1.0,0.2675406389372711,利息覆盖-0.5x过低; 债务/EBITDA=4.0过高,,,,,,,,,,,,,,generic,2026-10-09 01:34 UTC
LYV,"Live Nation Entertainment, Inc.",39915282432.0,0.25546392133835705,56.37154389371838,6.317497647605007,-2210762752.0,-0.0553863737721579,7.27546053017664,0.1328822330527229,4.260820863643986,20.913705235813616,4,0.012101666073710332,0.9567350726384075,0.6149117288879211,0.0,0.14744538940043328,0.005957344901127204,Communication Services,0.013876840304052092,0.44663707049192947,0.09084160971069755,债务/EBITDA=7.3过高,,,,,,,,,,,,,,generic,2026-10-09 01:34 UTC
MAA,Mid-America Apartment Communiti,13864562688.0,0.3052089378333332,37.999574825025746,29.527262062034385,-5663432096.0,-0.40848256259115845,4.616331777239678,0.20549359266400627,3.4781033915047743,11.34949915156823,4,0.32498689526989405,0.8369318907115303,1.6064500826790242,0.0,0.030305400060254506,0.004018402264157617,Real Estate,0.03903285752160032,0.15284820384309905,0.18285392470342,现金仅撑11个月; 债务/EBITDA=4.6过高,,,,,,,,,,,,,,generic,2026-10-09 01:34 UTC
MAR,Marriott International,94157488128.0,0.1994195371572596,53.59305724391208,18.803059544847592,-17312000128.0,-0.18386217041458924,3.6921478303708097,0.2536688229436432,5.195302843016069,5.119113573407202,4,0.09959520354387841,0.9769342396700527,1.0026912725874664,0.0,0.0802476100443279,-0.05051863049841543,Consumer Cyclical,0.02765844811471307,0.22964644826467726,0.10299602795390084,现金仅撑5个月,,,,,,,,,,,,,,generic,2026-10-09 01:34 UTC
MAS,Masco Corporation,13704525824.0,0.3542713567839196,33.82444865623889,26.70659922175077,-2944999936.0,-0.2148925087829438,2.3163129549071617,0.38966408913139583,12.237623762376238,4.611500701262273,4,0.11451996826236445,0.9793705368950013,1.0691358024691358,0.0,-0.04492168924034623,-0.03208833258346555,Industrials,0.061767916006081,0.0947136563876652,0.16032375475731064,现金仅撑5个月,,,,,,,,,,,,,,generic,2026-10-09 01:34 UTC
MCD,McDonald's Corporation,167640268800.0,0.5740747628789288,80.72744329331378,22.054807535347415,-53782001280.0,-0.3208179136491578,3.657334343478821,0.2559289561869612,7.88811630847029,3.244736842105263,4,0.26728659103589364,0.874837269853078,0.839191872007474,0.5802492095964292,0.050637859467043134,-0.009525703194122381,Consumer Cyclical,0.04687417919482601,0.029047113000354233,0.3054008221653576,现金仅撑3个月,,,,,,,,,,,,,,generic,2026-10-09 01:34 UTC
MCHP,Microchip Technology Incorporat,41008017408.0,0.5773482421336276,17.004652238067315,4.64362418281333,-5126400032.0,-0.1250097019077036,3.5845562357783676,0.26078636966371477,2.2697307335190344,1.491169625336558,4,0.18480405677791686,0.9806708960132396,3.0,0.5911608071120918,-0.1764745300112236,-0.00207030954573717,Technology,0.026666126994636687,1.0,0.2662262146653096,利息覆盖2.3x过低; 现金仅撑1个月,,,,,,,,,,,,,,generic,2026-10-09 01:34 UTC
MCK,McKesson Corporation,108458180608.0,0.036065736311132045,74.31530545011495,33.26832438230019,-6631999488.0,-0.06114798764668579,1.668222265200647,0.5213160216839624,26.105263157894736,7.654150577075099,4,0.013410009171355625,0.9981533351510795,1.1360772784544309,0.0,0.13391523079521161,-0.04086270313974749,Healthcare,0.03369731982882277,0.15674157303370786,0.06572326957280783,现金仅撑8个月,,,,,,,,,,,,,,generic,2026-10-09 01:34 UTC
MCO,Moody's Corporation,79436390400.0,0.7443638248250842,40.65796093212733,15.822037605272445,-6123999744.0,-0.07709312713181891,1.8800887896189693,0.46946399834294245,12.138790035587188,7.863337713534823,4,0.33363565690593416,0.9577610779994817,1.0471736478243188,1.0,0.12173969738374057,-0.010400602793448233,Financial Services,0.02359749719946993,0.0,0.14996012880939535,现金仅撑8个月,,,,,,,,,,,,,,generic,2026-10-09 01:34 UTC
MDLZ,"Mondelez International, Inc.",77879033856.0,0.2837532760723461,19.138151183825194,15.479415847388031,-20342999808.0,-0.2612127911809312,3.628124968421053,0.25785656938413254,6.031719532554257,2.8150375939849623,4,0.0839452993227288,0.9668111165892519,1.3198694410444716,0.0,0.06956578215167708,-0.0210147588380325,Consumer Defensive,0.0473105509605155,0.468445022771633,0.06647176237610741,现金仅撑3个月,,,,,,,,,,,,,,generic,2026-10-09 01:34 UTC
MDT,Medtronic plc.,112244350976.0,0.6501759982400176,81.14261688849842,30.663340821077647,-19333999616.0,-0.1722491996067934,2.7049386357540914,0.33841650310440474,9.581818181818182,6.293666597680642,4,0.14921350786492135,0.947640523594764,1.1301812122474484,0.8339199941333919,0.05207603643755454,-0.012846265376821542,Healthcare,0.037634410669836076,0.021820117083555083,0.16706216164250332,现金仅撑6个月,,,,,,,,,,,,,,generic,2026-10-09 01:34 UTC
MET,"MetLife, Inc.",62575415296.0,,,25.364165262091262,-22993999872.0,-0.36746060354904014,8.32963577218543,0.11655506440517312,5.3930254476908575,,4,0.22592328231157638,,3.0,,0.039213237633995535,-0.056033149613727185,Financial Services,0.05859729388379128,0.7013626040878123,0.014807361407979447,债务/EBITDA=8.3过高,,,,,,,,,,,,,,generic,2026-10-09 01:34 UTC
MGM,MGM Resorts International,7550298624.0,0.4441938538859438,35.19229942681231,9.84857299463615,-27398135296.0,-3.6287485648461684,13.478845715551463,0.07283933556535213,1.670049780212962,5.134094457094573,4,0.08327502555497211,0.9390497022896354,3.0,0.14731284628647923,0.10136235579297104,-0.12001633982703364,Consumer Cyclical,0.11813085738951562,0.7242518330792785,0.4079699932548565,利息覆盖1.7x过低; 现金仅撑5个月; 债务/EBITDA=13.5过高,,,,,,,,,,,,,,generic,2026-10-09 01:34 UTC
MKC,"McCormick & Company, Incorporat",12360821760.0,0.3789599871350672,49.81627053622891,36.76966400652192,-4687100064.0,-0.3791900049208379,3.3363474308643823,0.2788352270039213,5.653414882772681,2.648270345930814,4,0.10824086662865663,0.9675745215853105,0.9379275399037243,0.0,0.02507523864563521,0.0004972651242205472,Consumer Defensive,0.059472178652303455,0.0020527859237536657,0.35882766715481307,现金仅撑3个月,,,,,,,,,,,,,,generic,2026-10-09 01:34 UTC
MLM,"Martin Marietta Materials, Inc.",34200805376.0,0.3071544715447154,25.139199984456766,14.174065353652377,-6232999936.0,-0.18224716837732519,2.984477862652869,0.3091689114792133,6.3304347826086955,3.0967741935483875,4,0.15902439024390244,0.868780487804878,0.8601583113456465,0.0,-0.0005954960264881182,-0.009703411498989345,Basic Materials,0.037776888169617356,0.43007518796992483,0.3199220215979177,现金仅撑3个月,,,,,,,,,,,,,,generic,2026-10-09 01:34 UTC
MO,"Altria Group, Inc.",119253106688.0,0.7220815333432643,44.74717261653684,66.95254689318715,-22209999360.0,-0.18624252211816725,1.5589596653777194,0.5528039232379431,8.977060322854715,11.329876652572796,4,0.45056854858731815,0.9892745419335618,1.3061753274794876,1.0,-0.008925128591255382,-0.021209024713791935,Consumer Defensive,0.06730432625959967,0.38325639204545453,0.0467164987391947,现金仅撑11个月,,,,,,,,,,,,,,generic,2026-10-09 01:34 UTC
MOS,Mosaic Company (The),6272080896.0,0.15780259533370947,13.270518226409559,6.038383619963831,-5785099904.0,-0.9223573483705272,3.5370336829085485,0.2640589135800799,6.022360248447205,4.285714285714286,3,-0.04435631077627692,0.887209186552056,-0.9887183280932125,0.0,-0.1426545439066701,-0.02176652181244887,Basic Materials,0.21776265686736448,0.8498583569405099,0.4099880277364094,现金仅撑4个月,,,,,,,,,,,,,,generic,2026-10-09 01:34 UTC
MRK,"Merck & Company, Inc.",351275909120.0,0.7480118749134762,32.16839354749946,28.264033775820028,-46769998848.0,-0.13314320064010657,1.867306256121797,0.47229823135348803,16.524686809137805,3.2309781428248248,4,0.19012167171709404,0.9367491655258341,0.6771118658924071,1.0,0.03122213027882159,-0.008371869931016018,Healthcare,0.03576604507685745,0.9748605275845444,0.08993283694396248,现金仅撑3个月,,,,,,,,,,,,,,generic,2026-10-09 01:34 UTC
MRNA,"Moderna, Inc.",78649475072.0,0.5483870967741935,6.436328860434301,9.154637576806632,3850999808.0,0.048964087865489066,,,-275.8,14.936046139534884,1,-1.0796045785639958,0.8949011446409989,,0.4946236559139783,-0.5330301860051326,0.007732265759698098,Healthcare,-0.008693637171437675,1.0,0.031750744621532045,利息覆盖-275.8x过低,,,,,,,,,,,,,,generic,2026-10-09 01:34 UTC
MRSH,Marsh,84308910080.0,0.422667803268967,73.03219148358112,45.894829728039575,-20682000128.0,-0.2453121515670767,2.88502188176298,0.3189770399425888,6.769791666666666,3.937463810075275,4,0.18535265557243988,0.9892146325191802,1.2021634615384615,0.07555934422989001,0.09200031494213934,-0.006733076405172844,Financial Services,0.04455638195815234,0.0,0.14660421928873935,现金仅撑4个月,,,,,,,,,,,,,,generic,2026-10-09 01:34 UTC
MSCI,MSCI Inc.,40833409024.0,0.8244143566720764,83.54123492179504,41.537608012373084,-6191500192.0,-0.15162829506497782,3.3349658565388216,0.27894268453799737,8.119267803458019,4.861888099838489,4,0.46533867566938986,0.9585698839895497,1.2131572271594977,1.0,0.11707823751600754,-0.02741120410161335,Financial Services,0.02651381615881418,0.03435858860239319,0.12761137567188396,现金仅撑5个月,,,,,,,,,,,,,,generic,2026-10-09 01:34 UTC
MSI,"Motorola Solutions, Inc.",73995583488.0,0.5166067454203047,33.1606896495789,61.12129258404472,-8909000320.0,-0.12039908194581354,2.5596061714663145,0.3559217694478891,8.811111111111112,2.7698309492847852,4,0.2201677794898134,0.9773155281629858,1.1940575673166203,0.3886891514010157,0.08634515122371456,-0.003594998076141165,Technology,0.022984479881502845,0.07723815096547688,0.08981352494559214,现金仅撑3个月,,,,,,,,,,,,,,generic,2026-10-09 01:34 UTC
MTD,"Mettler-Toledo International, I",30645116928.0,0.5937429449987446,69.77651940212937,24.24538990776348,-2086011944.0,-0.06806996197472626,1.675451221230144,0.5193587814502587,16.309187769101655,0.48468584041579804,4,0.21077096432817513,0.9733945890608456,0.9763631322387548,0.6458098166624819,0.008991856613079108,-0.02754704906489336,Healthcare,0.02768477770841286,0.09595851929279245,0.010224848069757209,现金仅撑0个月,,,,,,,,,,,,,,generic,2026-10-09 01:34 UTC
NCLH,Norwegian Cruise Line Holdings ,7112819712.0,0.4261907698243883,7.577369275696033,2.9609289622666064,-15760718560.0,-2.2158186483217306,6.1594590332599735,0.15601940738068512,1.44962590691616,0.9960567994425249,1,-0.1190383157949577,0.6683209884985051,-2.764019033847928,0.08730256608129427,0.2659644216614605,0.026083874604837298,Consumer Cyclical,-0.027071823523818286,0.5350258223776362,0.38089530424802054,利息覆盖1.4x过低; 现金仅撑1个月; 债务/EBITDA=6.2过高,,,,,,,,,,,,,,generic,2026-10-09 01:34 UTC
NDAQ,"Nasdaq, Inc.",51632738304.0,0.4222948438634713,34.99919213132977,9.010729970282764,-8762000192.0,-0.1696985377845282,2.778705747043593,0.33017403588187094,7.059322033898305,6.306818181818182,4,0.24074074074074073,0.9678044057129025,1.1124161073825503,0.07431614621157101,0.09890131082105791,0.05050055811865506,Financial Services,0.024640374339809874,0.058666666666666666,0.08526441200361057,现金仅撑6个月,,,,,,,,,,,,,,generic,2026-10-09 01:34 UTC
NDSN,Nordson Corporation,18212526080.0,0.5515604005749928,70.98968364679634,51.265910852613025,-1704287968.0,-0.0935777914888784,1.8981407621690505,0.4655188419730308,6.7380083720572985,1.6763513563225156,4,0.2368155885670564,0.979202539539712,1.3646036732621358,0.5052013352499759,0.02527440495521427,0.0005016947621152568,Industrials,0.02679960472567241,0.0499120059715106,0.023394134461520277,现金仅撑2个月,,,,,,,,,,,,,,generic,2026-10-09 01:34 UTC
NEE,"NextEra Energy, Inc.",161363296256.0,0.6226834962790019,14.098771331679705,5.043886983069265,-107330998272.0,-0.6651512503916708,7.5513598822031645,0.1281827803228573,1.9908136482939633,3.800640785059122,3,0.11713847949803007,0.6616810156135999,0.4697878566203365,0.7422783209300062,0.09364770128221722,0.01585206465786637,Utilities,0.03910120917454543,0.04979480164158687,0.20954224644831332,利息覆盖2.0x过低; 现金仅撑4个月; 债务/EBITDA=7.6过高,,,,,,,,,,,,,,generic,2026-10-09 01:34 UTC
NI,NiSource Inc,19436570624.0,0.503989641986089,16.231681645222753,7.670000538301049,-17373000320.0,-0.8938305350300875,5.764375762670224,0.1662682944099965,2.837739839854963,0.5541993798245035,0,-0.11950859654933606,0.5248411670831954,-0.8540075309306079,0.34663213995362985,0.04320705110154299,0.05097145689302551,Utilities,0.04126628176935746,0.11167765203332919,0.17420543465318128,利息覆盖2.8x过低; 现金仅撑1个月; 债务/EBITDA=5.8过高,,,,,,,,,,,,,,generic,2026-10-09 01:34 UTC
NKE,"Nike, Inc.",51599630336.0,0.42913487650329757,58.35917203058696,17.391736700164447,-2757000192.0,-0.05343061905768146,2.2736561936353996,0.3962504886846219,,6.23159985106119,4,0.047070994439415495,0.9852579852579852,0.7027027027027027,0.09711625501099183,-0.032401823147472864,-0.010666302184625498,Consumer Cyclical,0.08283489575734312,0.43526315789473685,0.5014351101274848,现金仅撑6个月,,,,,,,,,,,,,,generic,2026-10-09 01:34 UTC
NOC,Northrop Grumman Corporation,68826693632.0,0.19814558802497975,39.25432574864739,32.376932647671765,-14745000192.0,-0.21423374295499384,2.3503790634839064,0.38455931830962803,8.621052631578948,6.864369146541037,4,0.07882442675311055,0.9654383372264862,0.7907699665231946,0.0,0.04654085181148626,-0.024905372070654797,Industrials,0.05560342649121082,0.5800653594771242,0.3691830959275989,现金仅撑7个月,,,,,,,,,,,,,,generic,2026-10-09 01:34 UTC
NOW,"ServiceNow, Inc.",144482222080.0,0.7753426720891701,62.802568264574354,45.449080283700034,-3789000192.0,-0.026224681053853293,2.917846178371472,0.31567189304440296,99.30434782608695,6.607012159131154,4,0.3413917758698599,0.9313902696189185,2.59324942791762,1.0,0.22376517864742618,0.010685774223744948,Technology,0.009047825962118537,0.17677642980935876,0.2615899816918392,现金仅撑7个月,,,,,,,,,,,,,,generic,2026-10-09 01:34 UTC
NRG,"NRG Energy, Inc.",22349578240.0,0.19379415882525314,15.95251727967194,11.935510694089173,-23304999808.0,-1.0427489752934147,7.213956430892472,0.133977202206207,2.5303643724696356,0.48502994011976047,2,0.024908019405463486,0.9626216911405594,0.8854166666666666,0.0,-0.008849172407267458,-0.060481926124294594,Utilities,0.033647167383862,1.0,0.4222681062866742,利息覆盖2.5x过低; 现金仅撑0个月; 债务/EBITDA=7.2过高,,,,,,,,,,,,,,generic,2026-10-09 01:34 UTC
NWS,News Corporation,17204652032.0,,,33.90609423054098,-814000128.0,-0.047312792289317486,2.178624860986547,0.41175564660644365,13.435294117647059,3.197057980218108,4,0.08983163491360213,0.9528134692069118,1.4153577661431065,,0.0405993172034298,-0.016970768988510687,Communication Services,0.03150310735677191,0.514406779661017,0.0962627306882029,现金仅撑3个月,,,,,,,,,,,,,,generic,2026-10-09 01:34 UTC
NWSA,News Corporation,15614621696.0,,,33.90609423054098,-814000128.0,-0.052130633956282306,2.178624860986547,0.41175564660644365,13.435294117647059,3.197057980218108,4,0.08983163491360213,0.9528134692069118,1.4153577661431065,,0.0405993172034298,-0.016970768988510687,Communication Services,0.03471105548070013,0.514406779661017,0.07117669710454211,现金仅撑3个月,,,,,,,,,,,,,,generic,2026-10-09 01:34 UTC
NXPI,NXP Semiconductors N.V.,58267578368.0,0.5473958757844976,52.84522470281726,30.59953551689913,-7753999872.0,-0.13307571876469854,2.165745746955227,0.4139508477911578,6.714592274678112,10.503667898940506,4,0.18607873502322927,0.9562311516831038,1.1296387926768927,0.49131958594832514,-0.02420874805294959,-0.008563338627652572,Technology,0.043398920477339856,0.1948207171314741,0.3054077674649991,现金仅撑11个月,,,,,,,,,,,,,,generic,2026-10-09 01:34 UTC
O,Realty Income Corporation,51256631296.0,0.9254180061596239,73.01248470215658,10.711116080230187,-30763841664.0,-0.6001924216662434,5.8484322503743496,0.16397656954188766,2.04395131663258,2.508248409647515,4,0.6948151077934183,,3.0,1.0,0.1980234435312218,0.12252996248856474,Real Estate,0.017856611463879533,0.013225817915440514,0.19819419587804898,利息覆盖2.0x过低; 现金仅撑3个月; 债务/EBITDA=5.8过高,,,,,,,,,,,,,,generic,2026-10-09 01:34 UTC
ODFL,"Old Dominion Freight Line, Inc.",37666328576.0,0.3302830276386915,47.33473787413333,29.5443665533415,263942008.0,0.007007372844089109,0.011151305155402563,3.82919778786835,4600.013513513513,7.499726174780276,4,0.1737684505226977,0.9244896967809229,0.9329844691282531,0.0,-0.042440148127076416,-0.018310212013955107,Industrials,0.032034161427902476,0.1368971387090002,0.2696900373227791,现金仅撑7个月,,,,,,,,,,,,,,generic,2026-10-09 01:34 UTC
OKE,"ONEOK, Inc.",56919650304.0,0.25995420619108506,14.588794421788288,3.109798381507963,-32860999104.0,-0.5773225753934527,4.305345313287588,0.21952232624013768,3.5182277061132923,0.6616438356164384,4,0.07276457819144191,0.9062713729221803,0.7211906867079281,0.0,0.1452650774509614,0.12088073542208377,Energy,0.047474817318231145,0.0,0.07404369872350236,现金仅撑1个月; 债务/EBITDA=4.3过高,,,,,,,,,,,,,,generic,2026-10-09 01:34 UTC
OMC,Omnicom Group Inc.,21788723200.0,0.08494143666880888,18.57346983335419,25.182373115001287,-8075000064.0,-0.3706045549286706,3.1038215964428915,0.2981673208439631,2.0565894417014814,39.15727624413145,4,0.16144141640468043,0.9913269530277503,,0.0,0.06523414722082599,0.15596079844042743,Communication Services,0.04743279312483992,1.0,0.14043180965047186,利息覆盖2.1x过低,,,,,,,,,,,,,,generic,2026-10-09 01:34 UTC
ON,ON Semiconductor Corporation,30915792896.0,0.33090369283117055,13.860741474958182,13.22149470991054,-844500224.0,-0.027316143138908934,2.2532179146834905,0.39948579551710384,2.851904090267983,37.61680695652174,4,0.23661473796577376,0.9430897021049471,3.0,0.0,-0.10369233936412636,-0.027934362909805777,Technology,0.046737439497692775,0.9230671414038657,0.40707826472935216,利息覆盖2.9x过低,,,,,,,,,,,,,,generic,2026-10-09 01:34 UTC
ORCL,Oracle Corporation,411344371712.0,0.658224089552682,27.532146739934753,17.005671650387974,-132065992704.0,-0.32105943775125995,4.912235231476998,0.19371453549858555,5.251793868232224,20.32358863073269,2,-0.351648677939932,0.1736122452009442,-1.3862000351144144,0.8607469651756066,0.10476732816565715,0.02011131479162631,Technology,0.029476518542203945,0.0,0.566485615203175,债务/EBITDA=4.9过高,,,,,,,,,,,,,,generic,2026-10-09 01:34 UTC
ORLY,"O'Reilly Automotive, Inc.",69578719232.0,0.5159231316716373,86.25133335319907,36.16989055238692,-9325252480.0,-0.13402449172578643,2.2992859432877895,0.3922667061468631,14.784207705135623,0.5506530034239784,4,0.0895950239995609,0.9342697376086999,0.6276780202103136,0.38641043890545757,0.07260598606028323,-0.03445680431908471,Consumer Cyclical,0.03393322018658453,0.0,0.16535662698591913,现金仅撑1个月,,,,,,,,,,,,,,generic,2026-10-09 01:34 UTC
OTIS,Otis Worldwide Corporation,25166051328.0,0.30282031737232346,62.45166486072438,40.37457710778535,-8033000128.0,-0.3191998626762079,3.350757624242424,0.27771933141720234,,4.535564853556485,4,0.10006236574041993,0.9894671193957453,1.0433526011560694,0.0,0.017850220319947985,-0.020507693775535518,Industrials,0.05650469282870248,0.15866261398176293,0.29384748268697125,现金仅撑5个月,,,,,,,,,,,,,,generic,2026-10-09 01:34 UTC
PANW,"Palo Alto Networks, Inc.",325972983808.0,0.7035714285714286,40.19554953271452,19.18068801491737,504000000.0,0.0015461404013065664,1.6455128615384615,0.5275617065390771,,4.992143154700623,4,0.3582752613240418,0.9616724738675958,3.0,1.0,0.18536155384757969,0.09744988193645576,Technology,0.0034195318488618987,0.7292768959435626,0.05098712456333254,现金仅撑5个月,,,,,,,,,,,,,,generic,2026-10-09 01:34 UTC
PAYX,"Paychex, Inc.",37185720320.0,0.7428593366093366,45.46866725100223,15.700823345539389,-3686699840.0,-0.09914289163351617,1.501266942117554,0.5710151753283509,9.574768089053803,4.817533304684143,4,0.35654176904176904,0.9639281326781327,1.3191295949093802,1.0,0.09154767502845429,-0.004551428408756997,Technology,0.04480953940547466,0.01958116422148604,0.18765065666548875,现金仅撑5个月,,,,,,,,,,,,,,generic,2026-10-09 01:34 UTC
PCAR,PACCAR Inc.,57721184256.0,0.16655065249184386,33.293689723048686,6.004711131169917,-6148899840.0,-0.10652761060356855,4.52876251751999,0.2092591955205518,,58.57011054398017,4,0.10649398132523344,0.9512529530880864,1.2750231500968094,0.0,-0.004355093626742135,0.0021664398031076004,Industrials,0.061286857599985554,0.42916866890917826,0.2065697248019399,债务/EBITDA=4.5过高,,,,,,,,,,,,,,generic,2026-10-09 01:34 UTC
PCG,Pacific Gas & Electric Co.,38039990272.0,0.39582915580509326,26.03955555979947,15.254193145159633,-63731000576.0,-1.6753684772340838,6.189897578450173,0.15528197270501623,1.8001981505944518,2.3230432184823737,0,-0.12316021656306396,0.5272909564868659,-1.1361450240473547,0.0,0.04773157336794509,0.03406776715506599,Utilities,0.06102130898042307,0.0,0.33699635417955864,利息覆盖1.8x过低; 现金仅撑2个月; 债务/EBITDA=6.2过高,,,,,,,,,,,,,,generic,2026-10-09 01:34 UTC
PEG,Public Service Enterprise Group,35799408640.0,0.3482084155161078,14.762926556890866,7.799250541392524,-24486000640.0,-0.6839777965673123,5.529464549879962,0.17302640951760312,3.470343392299688,1.8329355608591886,2,0.002136752136752137,0.7310979618671927,0.01231643770724775,0.0,0.07480837487525593,0.0007733628556463312,Utilities,0.052214549653521874,0.30862270776433864,0.17377804647130624,现金仅撑2个月; 债务/EBITDA=5.5过高,,,,,,,,,,,,,,generic,2026-10-09 01:34 UTC
PEP,"Pepsico, Inc.",175312437248.0,0.541485227575193,63.60438958493428,30.593528240670743,-42497998848.0,-0.24241291442364468,2.8182394120780367,0.32591980797310943,10.138269402319358,3.441233222864483,4,0.08168219323928666,0.9529944104338568,0.9310679611650485,0.4716174252506433,0.028259092561689236,-0.002343876781556231,Consumer Defensive,0.051054563729203466,0.13969513468365002,0.24722862219019326,现金仅撑3个月,,,,,,,,,,,,,,generic,2026-10-09 01:34 UTC
PFE,"Pfizer, Inc.",158564925440.0,0.7432525288035923,13.773468334648157,4.565100474950838,-51776000000.0,-0.32652870649878823,2.500886433910226,0.36351918700568014,3.8154249344814675,4.825562829204604,4,0.14501669889259974,0.9579891017753559,1.1678033715094582,1.0,-0.14797605157261928,0.004137652044592599,Healthcare,0.07771737643620967,0.932455692974627,0.04135081819471231,现金仅撑5个月,,,,,,,,,,,,,,generic,2026-10-09 01:34 UTC
PG,Procter & Gamble Company (The),350036393984.0,0.5017694641051568,41.69036398124879,44.31560270767872,-25082998784.0,-0.07165825958413494,1.4150370455317576,0.6005872377936391,24.234891676168758,4.98720823476298,4,0.17403943377148634,0.9493404724698962,0.9439735759690888,0.33923154701718916,0.020025694093399382,-0.005425855910254462,Consumer Defensive,0.043961143082462954,0.0,0.099342110726792,现金仅撑5个月,,,,,,,,,,,,,,generic,2026-10-09 01:34 UTC
PH,Parker-Hannifin Corporation,119423418368.0,0.37685473742964787,40.253124298728515,21.901177918937105,-8231999680.0,-0.0689312012040496,1.541843163841808,0.5580845579453205,12.379052369077307,1.7335640138408304,4,0.18163635517931068,0.9786501697753384,1.0704495614035088,0.0,0.04086358943321322,-0.006092287322637779,Industrials,0.025342600650350863,0.0,0.11818001594381267,现金仅撑2个月,,,,,,,,,,,,,,generic,2026-10-09 01:34 UTC
PHM,"PulteGroup, Inc.",21625915392.0,0.26412987604575866,41.25642183787061,13.368493182525805,-1143925120.0,-0.05289603234197283,0.9009466907193445,0.8688499719956598,4813.100826446281,10.065729251998562,4,0.10100148723832603,0.9929114872250404,0.7880783150721359,0.0,0.026553866296244344,-0.05148232248103923,Consumer Cyclical,0.12163278188783917,0.2803952437386119,0.20363355272481132,现金仅撑10个月,,,,,,,,,,,,,,generic,2026-10-09 01:34 UTC
PKG,Packaging Corporation of Americ,20487262208.0,0.21020546649906,40.71078496451319,12.17174848875973,-3810499776.0,-0.1859936060422974,2.2020398212415753,0.4078237193936174,13.993678887484197,11.235572374645223,4,0.08105191727943221,0.9077903729990099,0.9412220643327736,0.0,0.019711899650188602,-0.0018092916288272587,Consumer Cyclical,0.04117436441412875,0.25694309574674695,0.10678627594492107,现金仅撑11个月,,,,,,,,,,,,,,generic,2026-10-09 01:34 UTC
PLD,"Prologis, Inc.",125681688576.0,0.7457768243849037,87.10920250780885,6.619589285866999,-35327040896.0,-0.28108343622895915,5.505852948543663,0.17373619669227625,4.876864086627123,6.749264011414851,4,0.5697794810018103,,1.5048336488663197,1.0,0.13741104437395912,0.002165791829061403,Real Estate,0.026821600172578508,0.10810382044331775,0.13841133286938045,现金仅撑7个月; 债务/EBITDA=5.5过高,,,,,,,,,,,,,,generic,2026-10-09 01:34 UTC
PM,Philip Morris International Inc,312501993472.0,0.6711769336744735,41.469285545155614,39.432107148662006,-43135999488.0,-0.13803431782544762,2.7276712586656315,0.3358329087167684,9.74606175173283,5.833346643128998,4,0.2623499311159221,0.961400314898642,0.9397250616848783,0.903923112248245,0.08570152245500418,0.0013826194644317447,Consumer Defensive,0.028212620028582165,0.13649425287356323,0.0,现金仅撑6个月,,,,,,,,,,,,,,generic,2026-10-09 01:34 UTC
PNR,Pentair plc.,8451969536.0,0.4047653256704981,26.385672927304707,43.470695521454076,-1672900032.0,-0.1979302013423632,1.705353722458446,0.5114164197067681,11.90057636887608,1.4506189096655253,4,0.17863984674329503,0.9835249042145594,1.1410217191801775,0.015884418901660296,0.004364124986398155,-0.0026552626855832484,Industrials,0.07048061371526458,0.0,0.52755193605368,现金仅撑1个月,,,,,,,,,,,,,,generic,2026-10-09 01:34 UTC
PNW,Pinnacle West Capital Corporati,11874905088.0,0.41600737386700487,46.84646186838224,31.138063563351885,-16496170848.0,-1.3891623323094977,7.6800567959485235,0.1261025016253227,2.7498222614037084,0.09489142191530077,0,-0.15347047971896308,0.5084928872783003,-1.3292486509194186,0.053357912890016165,0.07284582276575913,0.02226868129821913,Utilities,0.04653712984691099,0.0,0.104141895433978,利息覆盖2.7x过低; 现金仅撑0个月; 债务/EBITDA=7.7过高,,,,,,,,,,,,,,generic,2026-10-09 01:34 UTC
PODD,Insulet Corporation,9326059520.0,0.7163324840293933,21.10246586357033,20.304576272274463,-413500000.0,-0.044338125776833985,1.5423646923982277,0.5579221707731676,6.715488215488215,4.378146101903008,3,0.12920497765961375,0.9189837893726229,1.4160259004451639,1.0,0.27541480232743965,0.004200019540671729,Healthcare,0.023490628547907875,0.4092756394931867,0.6117623082694922,现金仅撑4个月,,,,,,,,,,,,,,generic,2026-10-09 01:34 UTC
POOL,Pool Corporation,5746926080.0,0.2972849830112928,60.228276158621185,19.64816672156587,-1660131952.0,-0.28887303036269435,2.6380086441772512,0.3462593514102464,12.405473594184306,0.42368990198074286,4,0.058516322090461745,0.9893496346274697,0.761596834676824,0.0,-0.05053506371958916,-0.02172769635863081,Industrials,0.09189347359762803,0.3009277692120642,0.4774477188708204,现金仅撑0个月,,,,,,,,,,,,,,generic,2026-10-09 01:34 UTC
PPG,"PPG Industries, Inc.",23443757056.0,0.41316535433070867,31.165445585652012,27.360179487604775,-5861000192.0,-0.25000259890084403,2.7679765049299454,0.33134784129911987,9.485477178423237,4.392710881093394,4,0.07325984251968504,0.950992125984252,0.7379441624365483,0.043884514435695486,0.005541161450504539,-0.016795862413093277,Basic Materials,0.05319113301768554,0.12125984251968504,0.19838856003700334,现金仅撑4个月,,,,,,,,,,,,,,generic,2026-10-09 01:34 UTC
PPL,PPL Corporation,25661777920.0,0.42733908427339085,31.193950221489235,32.24890596436103,-20044000512.0,-0.7810838584328299,5.420590626518276,0.17634847335364723,2.8217821782178216,2.2962536023054754,0,-0.15494359654943596,0.5543021455430215,-1.1862828111769688,0.09113028091130275,0.045945748857909585,0.006544206840306099,Utilities,0.034730641141796616,0.021164021164021163,0.1434313665460164,利息覆盖2.8x过低; 现金仅撑2个月; 债务/EBITDA=5.4过高,,,,,,,,,,,,,,generic,2026-10-09 01:34 UTC
PRU,"Prudential Financial, Inc.",39167848448.0,,,5.006357336408638,-17548996608.0,-0.4480459689098928,10.888397476428183,0.08977952188510659,,,4,0.10285892368002363,,1.753635346756152,,0.02276427669035508,-0.01668944243105397,Financial Services,0.04559862414631042,0.0,0.09270357810867957,债务/EBITDA=10.9过高,,,,,,,,,,,,,,generic,2026-10-09 01:34 UTC
PSA,Public Storage,53350064128.0,0.7284526709884284,53.946440905051674,30.651036842942453,-9920278784.0,-0.18594689521269922,2.9623313930087978,0.31130038518951186,6.8779421665380385,2.4881262428737916,4,0.6005396225171342,0.9400142575433038,1.6236020103701745,1.0,0.048750479098311095,0.00044593336304421527,Real Estate,0.04851837185780412,0.5060348615487129,0.13601843447512063,现金仅撑2个月,,,,,,,,,,,,,,generic,2026-10-09 01:34 UTC
PSKY,Paramount Skydance Corporation,10992190464.0,0.2963749015849108,16.59580186478673,23.105612449877214,-14575000320.0,-1.3259413915482896,4.894863975062662,0.19436859844050988,-6.182558139534883,2.76936181106383,3,0.016739122993187965,0.9909971587991647,,0.0,0.007258458559833203,0.19456355727905694,Communication Services,-0.026177675954796847,1.0,0.1821526736966005,利息覆盖-6.2x过低; 现金仅撑3个月; 债务/EBITDA=4.9过高,,,,,,,,,,,,,,generic,2026-10-09 01:34 UTC
PSX,Phillips 66,112364298240.0,0.09844684837130598,39.021191757353776,19.02026429730695,-16466000128.0,-0.14654120913771124,2.0720402815282886,0.43065575044281046,5.990791896869245,5.096673999378303,4,0.020615519429503838,0.9831313833323261,0.6198046786282081,0.0,-0.0799841840778086,-0.04862568046029414,Energy,0.0546414661611293,0.6982181040627228,0.0,现金仅撑5个月,,,,,,,,,,,,,,generic,2026-10-09 01:34 UTC
PTC,PTC Inc.,21045319680.0,0.8375515565345831,35.96742240780379,17.23413391438977,-1256239936.0,-0.05969212894370251,1.259981858826277,0.6622596120309083,12.947402588971553,3.2536640850476193,4,0.3127481996739225,0.9959813465555598,1.167154634147006,1.0,0.12315411374311114,0.005822744631103882,Technology,0.01982567888462695,0.21573011457098962,0.05896925087474736,现金仅撑3个月,,,,,,,,,,,,,,generic,2026-10-09 01:34 UTC
PWR,"Quanta Services, Inc.",103034839040.0,0.1501097782044521,73.34965554441546,20.69664143825018,-6096703968.0,-0.059171286380455726,2.168514362085416,0.4134769739956097,6.31471246342443,2.2608493499265627,4,0.05691127963896526,0.978610938171147,1.576089725762317,0.0,0.18595310976676038,0.015267338756738136,Industrials,0.007689340881024004,0.0,0.12723495286416908,现金仅撑2个月,,,,,,,,,,,,,,generic,2026-10-09 01:34 UTC
Q,"Qnity Electronics, Inc.",26519089152.0,0.4617164493058477,48.32707623934645,8.192916892795598,-3566000064.0,-0.13446917590422075,2.9665793342070774,0.3108892696553095,15.8,9.764606265876376,4,0.20782498948254102,0.9400504838031132,1.4277456647398843,0.20572149768615897,-7.010656220396427e-05,,Technology,0.025132839072255025,0.3449612403100775,0.27875198846851157,现金仅撑10个月,,,,,,,,,,,,,,generic,2026-10-09 01:34 UTC
QCOM,QUALCOMM Incorporated,187950415872.0,0.5542859723602204,51.67276356059231,6.508793768158404,-6965999616.0,-0.037062964631821085,1.2726060660161278,0.6567686956722053,20.07078313253012,8.200131665569454,4,0.28949507722879597,0.973082829012736,2.313661793900018,0.5142865745340679,0.0006330832838727929,-0.014175615564357535,Technology,0.04768677929451302,0.4536580556103333,0.29882084490847194,现金仅撑8个月,,,,,,,,,,,,,,generic,2026-10-09 01:34 UTC
RCL,Royal Caribbean Cruises Ltd.,75263688704.0,0.4935318389650942,9.401130872111885,4.563134502346628,-22641999104.0,-0.3008356286262735,3.39561055000893,0.2743024758905063,5.408266129032258,2.667343313879726,3,0.06891937102709936,0.7084309133489461,0.28959700093720714,0.31177279655031404,0.2659259431555814,0.019449466552077688,Consumer Cyclical,0.022208584628023494,0.0,0.19142026650247057,现金仅撑3个月,,,,,,,,,,,,,,generic,2026-10-09 01:34 UTC
REG,Regency Centers Corporation,13363811328.0,0.7057277518725169,61.05720220428937,44.030225402189586,-4950691200.0,-0.3704550355052723,4.801992432189447,0.197941705856162,3.6201757275157904,4.518410473407364,4,0.5327835295753397,,1.5692033519129414,1.0,0.08270360067960159,0.023363179064031403,Real Estate,0.03321039852381849,0.2450125811562238,0.13546198484400662,现金仅撑5个月; 债务/EBITDA=4.8过高,,,,,,,,,,,,,,generic,2026-10-09 01:34 UTC
REGN,"Regeneron Pharmaceuticals, Inc.",76142428160.0,0.8535372902272205,60.63005675482331,23.16621858869653,5288000000.0,0.0694487965223304,0.5755784144266758,1.2112719791668143,120.42237442922375,11.233366810144961,4,0.2625131598212356,0.9153797349211108,0.8358010166707364,1.0,0.05620358857997587,-0.011951434416456297,Healthcare,0.056504305207594786,0.08869629356444772,0.1319906788560753,现金仅撑11个月,,,,,,,,,,,,,,generic,2026-10-09 01:34 UTC
RL,Ralph Lauren Corporation,21889921024.0,0.6986505638055333,33.85397552213952,17.018561983530912,-1062299904.0,-0.04852917938056057,1.885450605071554,0.46828524041954706,22.728782287822877,5.329307623687641,4,0.08686918479265512,0.9446299833631154,0.7490171076399957,0.9955018793517775,0.07988555170505496,-0.029109393947898132,Consumer Cyclical,0.032583488959050895,0.0,0.11312006119870244,现金仅撑5个月,,,,,,,,,,,,,,generic,2026-10-09 01:34 UTC
RMD,ResMed Inc.,31887136768.0,0.6105551961875267,32.23189214854499,65.8435615819075,643315072.0,0.020174751865636054,0.3940876217428412,1.5525837886685248,41.75330357924214,11.42425224214157,4,0.2880821474630592,0.9686610442521486,1.069167914511522,0.7018506539584224,0.10212508025534905,-0.006444044208135491,Healthcare,0.03796611651927669,0.0,0.1840722911202064,现金仅撑11个月,,,,,,,,,,,,,,generic,2026-10-09 01:34 UTC
ROK,"Rockwell Automation, Inc.",48210673664.0,0.48141932390314074,22.18041433719224,8.693650967316298,-3133999936.0,-0.06500635020871381,1.7270554187380498,0.505802715757102,6.878205128205129,2.2167373698418817,4,0.16279069767441862,0.9777031886837689,1.5627157652474108,0.2713977463438024,0.02438220649270817,-0.008067228668195092,Industrials,0.02147449768521036,0.31290555155010813,0.12309116420914512,现金仅撑2个月,,,,,,,,,,,,,,generic,2026-10-09 01:34 UTC
ROL,"Rollins, Inc.",15521750016.0,0.5275239627231757,65.95769089533484,38.188516516340265,-1006218040.0,-0.06482632686151876,1.2893110121994915,0.6496412954073001,25.543945654457595,1.0405762908036402,4,0.17282966192951438,0.9925324045146967,1.2341272628890936,0.4250798757439189,0.1173929088277419,-0.007676671834957793,Consumer Cyclical,0.02893745869744073,0.0,0.5082317214647554,现金仅撑1个月,,,,,,,,,,,,,,generic,2026-10-09 01:34 UTC
ROP,"Roper Technologies, Inc.",36022665216.0,0.6924391015501423,79.08277576543819,46.99023744444724,-10954500448.0,-0.30410022085579597,3.4957998766329883,0.26696567700751717,6.957230769230769,1.3529011926095285,4,0.30820626384055677,0.986751028155647,1.5853674412549632,0.9747970051671411,0.13731706743631933,0.0015683840003142269,Technology,0.06256130651318435,0.6954254406231435,0.29694827757441367,现金仅撑1个月,,,,,,,,,,,,,,generic,2026-10-09 01:34 UTC
RSG,"Republic Services, Inc.",66399223808.0,0.4195648243023326,47.831353494372,25.189321644312034,-14188000064.0,-0.213677197568243,2.7192315461348335,0.33678747664584785,5.519163763066202,0.3528441879637263,4,0.14519920438792117,0.8862636369115786,1.1262272089761571,0.06521608100777529,0.07084929833650078,-0.008615616429965334,Industrials,0.02786553658142425,0.0,0.06643134133011153,现金仅撑0个月,,,,,,,,,,,,,,generic,2026-10-09 01:34 UTC
RTX,RTX Corporation,248418779136.0,0.20077198288996986,47.45895103956485,14.539849021354595,-30550999552.0,-0.12298184403874905,2.4445422668480212,0.37112054700472896,5.759128065395095,11.739898601955472,4,0.08406035913005203,0.9647980316693565,1.1063576945929887,0.0,0.09723101071987417,-0.029012781369241347,Industrials,0.02002465360026847,0.38522224360207813,0.1825801461971822,现金仅撑12个月,,,,,,,,,,,,,,generic,2026-10-09 01:34 UTC
RVTY,"Revvity, Inc.",16978987008.0,0.5477370677204294,33.021514655247124,9.994277230593271,-2318573056.0,-0.13655544084623875,3.8152477096064086,0.2459874702436813,3.910202310571134,10.163956937394946,4,0.1783620110425199,0.9742574624892902,2.1119771476901006,0.4924568924014313,-0.04815480072764722,-0.038459369272205834,Healthcare,0.02611844568766396,0.6098869705985047,0.03304522704672708,现金仅撑10个月,,,,,,,,,,,,,,generic,2026-10-09 01:34 UTC
SBAC,SBA Communications Corporation,18036039680.0,0.7545513738397998,40.432319780321905,27.846176387194312,-14882015488.0,-0.825126566144259,8.29486046867658,0.11702941243637172,3.6051257742251455,6.886540870614989,4,0.3788477229721161,0.9201392897473268,1.0122215346534653,1.0,0.02248756625700632,-0.007247036970160714,Real Estate,0.03834557154844317,0.0,0.24017879550017462,现金仅撑7个月; 债务/EBITDA=8.3过高,,,,,,,,,,,,,,generic,2026-10-09 01:34 UTC
SBUX,Starbucks Corporation,106259398656.0,0.22771108314239305,35.92779854163918,17.406193598686585,-18842800640.0,-0.17732831992585374,3.979423448952493,0.23643884611451502,5.620899373387394,8.865977457894198,4,0.06567270145544905,0.9379981927905251,1.3154492566257272,0.0,0.048597955054982656,-0.0032044965844106876,Consumer Cyclical,0.0306405837147673,0.5063947459384722,0.1413173978444835,现金仅撑9个月,,,,,,,,,,,,,,generic,2026-10-09 01:34 UTC
SHW,Sherwin-Williams Company (The),77932650496.0,0.48847685827362847,27.166818285401753,38.72477636230817,-14738200480.0,-0.18911458016889157,3.1920537635332185,0.2905242244018625,8.178924731182796,0.45628854226045495,4,0.112580225075612,0.9661665457723029,1.0332879112322366,0.29492286091209485,0.021007379883363875,-0.014600673120140018,Basic Materials,0.03098444598806424,0.0421048705899903,0.13840581449129552,现金仅撑0个月,,,,,,,,,,,,,,generic,2026-10-09 01:34 UTC
SJM,The J.M. Smucker Company,12755757056.0,0.3352705255830912,27.410722146340877,17.997089257526955,-6896999936.0,-0.5406970284649485,3.0655948718128485,0.3016050026200082,0.8363064008394544,0.30647354419154593,4,0.12774420223403196,0.9649316642543836,,0.0,0.0199866543809879,0.007174677901057969,Consumer Defensive,-0.014048558561697335,1.0,0.0977028338641357,利息覆盖0.8x过低; 现金仅撑0个月,,,,,,,,,,,,,,generic,2026-10-09 01:34 UTC
SNPS,"Synopsys, Inc.",95387140096.0,0.7698457566565516,40.42544542259984,95.77713321453258,-7234120448.0,-0.07583957796322859,5.22373540016136,0.18269059917849173,4.118539427706731,9.586998412207006,4,0.1912560187735552,0.9759782075246755,1.0127111137800062,1.0,0.15186745455184925,0.06871459059075802,Technology,0.015227634443575382,0.4114024158559323,0.06886036689372543,现金仅撑10个月; 债务/EBITDA=5.2过高,,,,,,,,,,,,,,generic,2026-10-09 01:34 UTC
SO,Southern Company (The),99103776768.0,0.4846885256995906,15.718006244389978,8.672222535140383,-74102998528.0,-0.7477313271468319,5.406578708096653,0.17678530638469342,2.543854231006794,5.087086233840034,1,-0.0993130985009982,0.5690116062667072,-0.6761114950472241,0.2822950856653019,0.003109733900695355,0.006100714392852868,Utilities,0.040999951086748074,0.013633265167007498,0.13608102214911444,利息覆盖2.5x过低; 现金仅撑5个月; 债务/EBITDA=5.4过高,,,,,,,,,,,,,,generic,2026-10-09 01:34 UTC
SOLV,Solventum Corporation,14709032960.0,0.5346546546546547,37.43327055823888,93.39338169196228,-4892000064.0,-0.3325847509692439,4.648814544754933,0.20413101799713582,5.936599423631124,1.2663000785545955,3,-0.0012012012012012011,0.9544744744744744,-0.006426735218508998,0.44884884884884885,0.007931997022665449,0.0015064102941257929,Healthcare,0.0802907983965793,0.6441307578008916,0.06523148658632971,现金仅撑1个月; 债务/EBITDA=4.6过高,,,,,,,,,,,,,,generic,2026-10-09 01:34 UTC
SPG,"Simon Property Group, Inc.",75776647168.0,0.818993307413538,66.48407247955764,59.31734668656643,-28418418624.0,-0.3750287151263789,5.743708433885872,0.16684161584277712,6.539304600265686,6.003213452909074,4,0.5031349649344293,0.8531942389863784,0.6919778494826273,1.0,0.0634817964117913,-0.0017667950505407815,Real Estate,0.03768037194453454,0.0,0.15669622651495374,现金仅撑6个月; 债务/EBITDA=5.7过高,,,,,,,,,,,,,,generic,2026-10-09 01:34 UTC
SPGI,S&P Global Inc.,118724804608.0,0.7024647887323944,38.37659720272776,29.489621460798766,-11613999616.0,-0.09782285727356267,1.9339309370291564,0.4578899373806753,22.696864111498257,10.793734015665796,4,0.3557642149191445,0.9872848200312989,1.2203086557817042,1.0,0.11107613003386319,-0.03158487210258909,Financial Services,0.029894763876165114,0.1915024630541872,0.22085541518084928,现金仅撑11个月,,,,,,,,,,,,,,generic,2026-10-09 01:34 UTC
SRE,DBA Sempra,52364341248.0,0.4661363304627062,18.30999221587165,6.098450256344206,-36616000512.0,-0.6992544857689489,6.241743498628391,0.15404182254139973,1.7630548302872062,0.1741759903235561,0,-0.44132243468106847,0.22551452342723688,-3.291780076211214,0.22045443487568725,-0.017312084045800646,0.012958562616427693,Utilities,0.04732705388697416,0.3581411600279525,0.19719296409970233,利息覆盖1.8x过低; 现金仅撑0个月; 债务/EBITDA=6.2过高,,,,,,,,,,,,,,generic,2026-10-09 01:34 UTC
STE,STERIS plc (Ireland),20549122048.0,0.4424771306794252,71.0861177787312,25.54766890391121,-1562199968.0,-0.07602271106040004,1.2462663870042818,0.6683301908573439,18.253706754530477,3.806129159542286,4,0.1638167758890817,0.9378358799845011,1.243001406110188,0.14159043559808387,0.09377842934242775,-0.002809631899161058,Healthcare,0.02290037009370922,0.0,0.2154848341889577,现金仅撑4个月,,,,,,,,,,,,,,generic,2026-10-09 01:34 UTC
STLD,"Steel Dynamics, Inc.",33563140096.0,0.13160797401887628,15.416387259954039,11.30809672133152,-3825828992.0,-0.1139890064236259,1.6427870682925825,0.5283214455295625,22.315063603786246,8.588504677822169,3,0.02759094243301312,0.9478436016102258,0.4230019526060754,0.0,-0.06533213396467008,-0.057168143890192424,Basic Materials,0.06730810179078663,0.3728241506527038,0.17184187975150778,现金仅撑9个月,,,,,,,,,,,,,,generic,2026-10-09 01:34 UTC
STZ,"Constellation Brands, Inc.",21113337856.0,0.5155378050114893,58.082831643057794,12.664017457217046,-10217200224.0,-0.48392159940245877,2.990925026216063,0.30855388258319216,7.575774336283186,0.6394719757628219,4,0.19630156472261737,0.9042564832038517,1.063615343570285,0.38512601670496416,-0.011183285451378588,-0.019334482699344457,Consumer Defensive,0.0386213210607186,1.0,0.2582793215386221,现金仅撑1个月,,,,,,,,,,,,,,generic,2026-10-09 01:34 UTC
SW,Smurfit WestRock plc,21741475840.0,0.1938163507489015,27.878812252838074,2.7402234891844803,-13486999744.0,-0.6203350611179117,3.0952796643356644,0.2989286697495257,2.1416666666666666,2.1272584446190104,4,0.0384874434715674,0.9296962699252702,1.7167381974248928,0.0,0.3215380139788915,0.2633512827793525,Consumer Cyclical,0.03308193083547359,0.6133333333333333,0.20042437035235539,利息覆盖2.1x过低; 现金仅撑2个月,,,,,,,,,,,,,,generic,2026-10-09 01:34 UTC
SWK,"Stanley Black & Decker, Inc.",13466153984.0,0.30325040977105694,29.38314674246749,30.23901066545558,-4619100032.0,-0.3430155363950426,2.909826826226177,0.31647303950334305,1.8094131319000581,2.132917279246302,3,0.045464759689102734,0.9812761063818538,1.711619805921871,0.0,-0.037097214175564996,0.004453129332820938,Industrials,0.026885924550556512,1.0,0.14259617145244896,利息覆盖1.8x过低; 现金仅撑2个月,,,,,,,,,,,,,,generic,2026-10-09 01:34 UTC
SWKS,"Skyworks Solutions, Inc.",18989619200.0,0.41158335168465093,27.76594678672529,16.73132338610967,118099968.0,0.0062191856906746185,0.7738014451261077,0.9767518934072457,20.435424354243544,8.282580533724847,4,0.26325576843084,0.9449705155496831,2.255082791867533,0.0386111722821697,-0.09344825684967506,-0.02452498041786788,Technology,0.04385422325898984,0.3935693935693936,0.11700379776172165,现金仅撑8个月,,,,,,,,,,,,,,generic,2026-10-09 01:34 UTC
SYK,Stryker Corporation,106238230528.0,0.6396321070234113,67.26477604198935,70.1506100358797,-11969999616.0,-0.11267130068441043,2.094088885032538,0.4266049834480227,8.43657331136738,3.789932763946938,4,0.17052874661570314,0.9697005892658066,1.3194701170671597,0.7987736900780378,0.10830480093614558,0.003333650413745781,Healthcare,0.02767836009114446,0.054344391785150076,0.28680314956174846,现金仅撑4个月,,,,,,,,,,,,,,generic,2026-10-09 01:34 UTC
SYY,Sysco Corporation,38467670016.0,0.18496091209064136,91.2902680238676,76.13440388549645,-13265000192.0,-0.3448350312478671,3.3501000696151317,0.2777700565714844,4.174337517433751,1.709502612244898,4,0.022920535049022507,0.9917211689709413,1.1030165054069436,0.0,0.03471497882956953,-0.017849748442715918,Consumer Defensive,0.04750742634632878,0.0649616368286445,0.1421676853141024,现金仅撑2个月,,,,,,,,,,,,,,generic,2026-10-09 01:34 UTC
T,AT&T Inc.,170418847744.0,0.5955367375525277,57.880357334987956,46.80395221780113,-148185993216.0,-0.8695399316312843,3.688466304684273,0.25390594272969536,4.96928277483833,4.231356079955045,4,0.15473385967146314,0.8341239016936203,0.8856192775474878,0.6517891251750922,0.013367419328691454,-0.011793498877961106,Communication Services,0.05688484653154398,0.23972222222222223,0.14536080710603372,现金仅撑4个月,,,,,,,,,,,,,,generic,2026-10-09 01:34 UTC
TAP,Molson Coors Beverage Company,7070332928.0,0.3836887835703002,34.95958304453873,14.854129806064657,-5785599872.0,-0.8182924242630516,3.496377159922302,0.2669245399789752,-9.157321500605082,9.658912824236923,4,0.09584589975585237,0.9356778687347408,,0.0,0.013516144991544188,-0.04105873584188946,Consumer Defensive,-0.008613455776434974,1.0,0.30268485796005173,利息覆盖-9.2x过低; 现金仅撑10个月,,,,,,,,,,,,,,generic,2026-10-09 01:34 UTC
TDG,Transdigm Group Incorporated,60928454656.0,0.6014041444909977,47.72370242281007,17.894655186630004,-30705000704.0,-0.5039517394189529,6.572129594383456,0.14658179475559702,2.672391857506361,29.732620320855617,4,0.20563922545578078,0.9748612841127845,0.875602700096432,0.6713471483033255,0.17606144961795578,0.012203649056237387,Industrials,0.02442208666543732,0.0,0.24875858701508624,利息覆盖2.7x过低; 债务/EBITDA=6.6过高,,,,,,,,,,,,,,generic,2026-10-09 01:34 UTC
TDY,Teledyne Technologies Incorpora,28020789248.0,0.4275762828269614,81.22491988508837,25.038538867394276,-1686900064.0,-0.060201732687468944,1.272921416729465,0.6566326988476794,19.364093959731544,2.78580204778157,4,0.1756221996925794,0.9808189161788272,1.200268216361198,0.09192094275653799,0.03859891847624208,-0.005192955512451469,Technology,0.03023023343500078,0.07508185615897031,0.1250976160795899,现金仅撑3个月,,,,,,,,,,,,,,generic,2026-10-09 01:34 UTC
TECH,Bio-Techne Corp,11361480704.0,0.6576504951692909,48.46371398709046,30.325150186181016,-23608000.0,-0.002077898173227404,0.8652554035069303,0.8966555973237083,25.992731048805815,6.051263336245869,4,0.2166374906484483,0.9762559061890195,1.4473776819786432,0.8588349838976361,0.02246362045511785,-0.003281462084239628,Healthcare,0.015592817927123595,0.5633681330121055,0.002203603646390384,现金仅撑6个月,,,,,,,,,,,,,,generic,2026-10-09 01:34 UTC
TEL,TE Connectivity plc,62137184256.0,0.3521608156644653,39.63072538880436,17.08496207012617,-4578999808.0,-0.07369178154476559,1.175116097110194,0.7016972175303955,42.61038961038961,5.516883401855288,4,0.18555207971266366,0.9457768508863399,1.738870792616721,0.0,0.019694347779123156,-0.025284978307016703,Technology,0.037710913812026084,0.4231130598183526,0.13931727888114964,现金仅撑6个月,,,,,,,,,,,,,,generic,2026-10-09 01:34 UTC
TER,"Teradyne, Inc.",62336184320.0,0.582235431457569,61.395927370424864,7.728202771700116,254701992.0,0.004085941332124193,0.06653425636200577,3.159215724368062,96.42214431784984,3.643195153755326,4,0.14119204118840487,0.929778271260655,0.8129382525309224,0.6074514381918965,0.003681989032964239,0.0007035840184652642,Technology,0.009066451631025978,0.3728142937605957,0.17592591716568995,现金仅撑4个月,,,,,,,,,,,,,,generic,2026-10-09 01:34 UTC
TGT,Target Corporation,70306144256.0,0.2793376598587517,40.67663913146411,71.67103996504574,-13785000448.0,-0.19607106311798025,2.233911236495725,0.4025908757556043,11.712359550561798,2.688472908910235,3,0.027056690208054974,0.9644302347776293,0.7651821862348178,0.0,-0.013437328806924498,-0.005465397619588308,Consumer Defensive,0.05232117390203877,0.0943534588120264,0.08905765458337145,现金仅撑3个月,,,,,,,,,,,,,,generic,2026-10-09 01:34 UTC
TJX,"TJX Companies, Inc. (The)",153277726720.0,0.30963029218843174,43.33842526549774,34.14254140962936,-8312999936.0,-0.05423488535412433,1.6081095784657966,0.5381813923082404,99.63513513513513,6.2568820606165865,4,0.08144504074736633,0.9675843106075664,0.8949763378230797,0.0,0.06530493123671799,-0.01414772576236889,Consumer Cyclical,0.029896711662295718,0.0,0.17611782564661616,现金仅撑6个月,,,,,,,,,,,,,,generic,2026-10-09 01:34 UTC
TKO,"TKO Group Holdings, Inc.",34377060352.0,0.5980797655660822,9.463716730264709,1.2654494626251884,-4361091968.0,-0.1268605262737737,3.0575219735724586,0.3023411508646453,3.9923640022888263,3.5602806353384078,4,0.24471701113649807,0.9731892393716695,3.0,0.6602658852202741,0.6074013472470561,-0.022110794306019033,Communication Services,0.005931004510341676,0.9579015196262686,0.19261202230566832,现金仅撑4个月,,,,,,,,,,,,,,generic,2026-10-09 01:34 UTC
TMO,Thermo Fisher Scientific Inc,241067835392.0,0.4093408443117804,54.47118643614724,22.35654080502712,-38484998144.0,-0.15964385328063202,3.6245846187852666,0.2580921823597992,6.150105708245243,4.814690492644881,4,0.14123482281123056,0.9657741768970083,0.9386933174224343,0.031136147705934647,-0.0026639607700198464,-0.012349028654067284,Healthcare,0.026946772013101066,0.13741007194244603,0.04065567822479754,现金仅撑5个月,,,,,,,,,,,,,,generic,2026-10-09 01:34 UTC
TMUS,"T-Mobile US, Inc.",183759372288.0,0.6288713494660794,21.67561513400982,20.060866266719657,-117602003968.0,-0.6399782634416397,3.5037389065916273,0.2664010536918227,4.78404875463699,0.9167612967710531,3,0.1746934061080977,0.8581911243474618,1.4034752547307132,0.7629044982202645,0.03534093085617829,-0.03556468955919401,Communication Services,0.04521946225946394,0.03060234588588059,0.2554652514878464,现金仅撑1个月,,,,,,,,,,,,,,generic,2026-10-09 01:34 UTC
TPR,"Tapestry, Inc.",22982780928.0,0.7782164363709053,27.76684706709742,14.694752815598793,-2804100096.0,-0.12200873796711674,1.955077851958245,0.45349872754467074,34.70652173913044,3.2040050062578223,4,0.22644361710102195,0.9792608880337823,1.1864240361327485,1.0,0.06315113223633251,-0.041256530089114674,Consumer Cyclical,0.03766841805228558,0.7754901960784314,0.2971234339554082,现金仅撑3个月,,,,,,,,,,,,,,generic,2026-10-09 01:34 UTC
TRGP,"Targa Resources, Inc.",61861203968.0,0.2939342153943729,14.822452514032019,7.465351290568343,-19445699360.0,-0.3143440171332425,3.561125548825889,0.2623896765374404,3.9155722326454034,0.9483870967741935,4,0.03430172125226828,0.8042493965927309,0.3037441497659906,0.0,-0.06645468273311061,-0.017071407277949868,Energy,0.02334419486479788,0.025187606805854818,0.045525259770471505,现金仅撑1个月,,,,,,,,,,,,,,generic,2026-10-09 01:34 UTC
TRMB,Trimble Inc.,13955813376.0,0.6907423410364341,18.633764455336205,25.606773093178244,-1244899968.0,-0.08920296757055172,1.658107057220118,0.5240796087494585,7.846774193548387,1.3783349405335905,4,0.10060491177208486,0.9929473420120982,0.8511792452830189,0.9691411367881135,-0.008135718177214146,-0.014937837280874056,Technology,0.0481770558179181,0.7181600638128157,0.2834051618811976,现金仅撑1个月,,,,,,,,,,,,,,generic,2026-10-09 01:34 UTC
TSCO,Tractor Supply Company,17444423680.0,0.3642418993089817,64.54241988697484,52.04654399564316,-6313389920.0,-0.3619145026406513,3.388574697779329,0.27483289009026346,21.222217401365267,0.6637155523881696,4,0.04769948504404071,0.9423623197200008,0.6755750227856,0.0,0.030047957019021077,-0.014876465866267896,Consumer Cyclical,0.06296087908362473,0.0054063036814525674,0.40606705381186525,现金仅撑1个月,,,,,,,,,,,,,,generic,2026-10-09 01:34 UTC
TSN,"Tyson Foods, Inc.",18413291520.0,0.06542862915817123,25.89874590228692,45.96428034318176,-7266000128.0,-0.39460626146649963,2.8881674343434343,0.3186573122441504,2.712694877505568,4.1867043847241865,3,0.021619735126099816,0.9820355981704965,2.4831223628691985,0.0,0.00719878201118096,-0.006515503100940734,Consumer Defensive,0.0524621032014161,1.0,0.2386909068714489,利息覆盖2.7x过低; 现金仅撑4个月,,,,,,,,,,,,,,generic,2026-10-09 01:34 UTC
TT,Trane Technologies plc,103397695488.0,0.3616094250512384,32.65921052855568,33.741797700537795,-3298500224.0,-0.031901100004523925,1.0715811249739151,0.7566694023567699,17.226731363034848,4.226675319012504,4,0.13185973107462282,0.9820372480876469,0.9633043239909546,0.0,0.10063610722538807,-0.010831579608949204,Industrials,0.02240596358618913,0.0,0.06657925074998283,现金仅撑4个月,,,,,,,,,,,,,,generic,2026-10-09 01:34 UTC
TTD,"The Trade Desk, Inc.",5834291712.0,0.7862547319254604,43.47091339633209,25.084128360512338,1051222976.0,0.1801800506199989,0.6219501449160547,1.1468545602412543,,10.559889888950504,4,0.2703319149641403,0.927575127301052,1.7661875372205078,1.0,0.2244193656887754,-0.009984474475521754,Communication Services,0.045794119181677286,0.0,0.7720302991115836,现金仅撑11个月,,,,,,,,,,,,,,generic,2026-10-09 01:34 UTC
TTWO,"Take-Two Interactive Software, ",39148093440.0,0.5723363980530016,12.780999753754564,11.595852313440043,-1118099968.0,-0.028560777032824003,3.8417482412732467,0.24439431290348054,-0.22628642281463113,5.594058451879642,1,0.06933177092722793,0.9755423351962021,,0.574454660176672,0.07555159639473397,0.03155730785705746,Communication Services,-0.061599423831353764,0.0,0.20176145374851695,利息覆盖-0.2x过低; 现金仅撑6个月,,,,,,,,,,,,,,generic,2026-10-09 01:34 UTC
TXT,Textron Inc.,12732150784.0,0.18210689911480504,43.99358316132845,22.816379094494195,-2775000064.0,-0.2179521834981121,2.5065476571428573,0.36277261429120117,10.023809523809524,10.172373081463991,4,0.06277451179133725,0.9741198729643895,1.008686210640608,0.0,0.04768129392975795,-0.05446440935658847,Industrials,0.06925381382602389,0.10532030401737243,0.27339482326219655,现金仅撑10个月,,,,,,,,,,,,,,generic,2026-10-09 01:34 UTC
UAL,"United Airlines Holdings, Inc.",34873282560.0,0.2877941425427459,31.518187270953156,12.532672727702744,-17031000064.0,-0.48836813783439836,4.747990502836578,0.2000804122041561,4.689802913453299,16.59827038244097,3,0.04328762485187066,0.9005586592178771,0.7626006561288399,0.0,0.09529134601036815,-0.0035399130960466207,Industrials,0.0706629780480292,0.0,0.21063843979415042,债务/EBITDA=4.7过高,,,,,,,,,,,,,,generic,2026-10-09 01:34 UTC
UBER,"Uber Technologies, Inc.",143469412352.0,0.39754311090604993,63.05099956146112,63.859529239492275,-9339999744.0,-0.06510098278707976,1.9709660235862525,0.4502545241035581,14.181818181818182,4.280269999206034,4,0.18768864025222523,0.9935405732741219,0.9711528896846713,0.0,0.17730580736694201,0.010268897629162943,Technology,0.022051738751377805,0.0,0.295627787766344,现金仅撑4个月,,,,,,,,,,,,,,generic,2026-10-09 01:34 UTC
UDR,"UDR, Inc.",12438210560.0,0.27105203066955474,34.56720238245748,31.137076611628736,-5992018256.0,-0.48174278985674285,5.759973671363444,0.16639008000398384,3.0575325884070206,0.23957333935323666,4,0.3585469279344888,0.8312572964001409,1.625468620930676,0.0,0.041108595032072204,-0.0007300760706240306,Real Estate,0.020070531753403602,0.7983922692093899,0.18598452161672485,现金仅撑0个月; 债务/EBITDA=5.8过高,,,,,,,,,,,,,,generic,2026-10-09 01:34 UTC
UHS,"Universal Health Services, Inc.",10356324352.0,0.9044615411991676,63.63235715599727,35.79597966101471,-5123375232.0,-0.49470980802282233,1.949233231705727,0.45470393298140516,13.952711533788266,0.12147197250836049,4,0.04748391130140124,0.9401176366320682,0.55383679160879,1.0,0.09025656499826118,-0.04734821517831789,Healthcare,0.09714588070097556,0.0,0.28036691583482165,现金仅撑0个月,,,,,,,,,,,,,,generic,2026-10-09 01:34 UTC
ULTA,"Ulta Beauty, Inc.",24124194816.0,,,19.14313692671548,-2310579968.0,-0.09577853211778672,1.3048457447248485,0.6431506169616613,,0.7770305632398387,4,0.08617497873768844,0.9649128285571806,0.9258521394841172,,0.06676379680111233,-0.042829546071673885,Consumer Cyclical,0.05065464399207743,0.06962560175986925,0.20176280223226228,现金仅撑1个月,,,,,,,,,,,,,,generic,2026-10-09 01:34 UTC
UNH,UnitedHealth Group Incorporated,332962824192.0,0.1852616479767275,29.003640011156374,26.007723045388193,-41860001792.0,-0.125719746321775,2.7483228214794297,0.33351979074307314,4.672413793103448,5.90458603637046,4,0.035916410280471975,0.9919073568873487,1.3333609820836099,0.0,0.11352161443193465,-0.010153195302663565,Healthcare,0.05177905383833008,0.35637370984317057,0.1498796676559906,现金仅撑6个月,,,,,,,,,,,,,,generic,2026-10-09 01:34 UTC
UPS,"United Parcel Service, Inc.",80084066304.0,0.18080102863716854,45.57230817304287,20.094811727433814,-24019999232.0,-0.29993481026325286,2.372807020145531,0.381270902631835,8.044247787610619,6.840132586549063,4,0.05374403627299489,0.9584371933544625,0.8551687006460876,0.0,-0.04040260188163358,-0.003857431675900358,Industrials,0.09243411756715784,0.41912019397298234,0.21558335622151692,现金仅撑7个月,,,,,,,,,,,,,,generic,2026-10-09 01:34 UTC
URI,"United Rentals, Inc.",65363951616.0,0.38163861109385677,37.15455540773583,10.969789545531343,-15272999936.0,-0.2336609026597074,3.279684622830835,0.28331143058271085,5.662011173184357,0.6193548387096773,4,0.04112056649481334,0.7187402944282253,0.2654370489174018,0.0,0.11409895911958845,-0.031044541675288362,Industrials,0.036709836854671475,0.03145631067961165,0.09844433231103289,现金仅撑1个月,,,,,,,,,,,,,,generic,2026-10-09 01:34 UTC
VICI,VICI Properties Inc.,25093558272.0,0.993327701943728,92.86627918381484,5.933100789521638,-17542726080.0,-0.699092806601868,4.903153192603202,0.19405594257034559,4.343921509126211,11.143262094820804,4,0.6262065302153008,0.9996667595246868,0.9038596026003308,1.0,0.15490054932774422,0.03532589749563164,Real Estate,0.09051603903199527,0.0,0.27466579057324203,现金仅撑11个月; 债务/EBITDA=4.9过高,,,,,,,,,,,,,,generic,2026-10-09 01:34 UTC
VMC,Vulcan Materials Company (Holdi,31910057984.0,0.2738411555074234,29.368346619632703,15.673513884312287,-4747899968.0,-0.1487900764824884,2.111737768843478,0.42341703350482096,6.799332498957029,3.8366809351333555,4,0.14296508040447797,0.9146591781994937,1.0544255595801988,0.0,0.027743692765690886,-0.005802350588315908,Basic Materials,0.027400451620564502,0.022824689241320188,0.25459334035621606,现金仅撑4个月,,,,,,,,,,,,,,generic,2026-10-09 01:34 UTC
VRSK,"Verisk Analytics, Inc.",22993022976.0,0.6987991017671754,46.28583785173062,72.54609931023631,-4064899776.0,-0.17678840143129165,3.045982043183236,0.3033997111932707,7.853715623171445,8.248972986430973,4,0.38789989260259705,0.9205584664952647,1.3122316415281294,0.9959970058905847,0.07160288137517012,-0.036440658724199326,Industrials,0.037342849650358216,0.356177302734989,0.2807196960149969,现金仅撑8个月,,,,,,,,,,,,,,generic,2026-10-09 01:34 UTC
VST,Vistra Corp.,52406079488.0,0.3288984101928064,7.82393891285277,15.096275060037957,-20073000256.0,-0.3830280847586841,3.085765853298521,0.2997812328497713,2.1435845213849287,1.4108108108108108,3,0.07430375465103169,0.84485285827038,1.396186440677966,0.0,0.08917866741227787,-0.04632458003733564,Utilities,0.01845682809036463,0.6449793155321549,0.2594735837332991,利息覆盖2.1x过低; 现金仅撑1个月,,,,,,,,,,,,,,generic,2026-10-09 01:34 UTC
VTR,"Ventas, Inc.",41938497536.0,0.4137936708730575,45.552568136004865,18.602272213163076,-12720043040.0,-0.3033023066475168,5.426190351769644,0.17617450050600117,1.4040336727393892,1.5338327315713056,4,0.17177141505455967,0.8895068203867685,3.0,0.04597890291019165,0.12210436341766595,0.059168409394292354,Real Estate,0.0014551904237297283,0.0,0.18671040357091795,利息覆盖1.4x过低; 现金仅撑2个月; 债务/EBITDA=5.4过高,,,,,,,,,,,,,,generic,2026-10-09 01:34 UTC
VTRS,Viatris Inc.,20031424512.0,0.3505968573206806,28.84965600251345,52.611190202506315,-12113200512.0,-0.6047098899403526,3.1738382251747987,0.2920698742852976,-6.7763632505834925,3.807983112605042,4,0.12942747851383576,0.9674752970300492,,0.0,-0.04196777704087673,-0.017489380833122903,Healthcare,-0.025157971151682414,1.0,0.04542966080514543,利息覆盖-6.8x过低; 现金仅撑4个月,,,,,,,,,,,,,,generic,2026-10-09 01:34 UTC
VZ,Verizon Communications Inc.,192573833216.0,0.5892279526163064,46.787271281156684,34.5630211409035,-191850002176.0,-0.9962412804070421,3.7908854094208,0.24747051665177874,4.386913654018524,0.4131347403530968,4,0.1423826443111346,0.8736458958977068,1.1456853383020846,0.6307598420543548,0.003292396665705022,0.001372285291432629,Communication Services,0.08769363790488698,0.45361309747835904,0.09912540744784593,现金仅撑0个月,,,,,,,,,,,,,,generic,2026-10-09 01:34 UTC
WAB,Westinghouse Air Brake Technolo,47430164480.0,0.3408256469956121,39.35097688455546,20.347655076515046,-6276000000.0,-0.13232085675449043,2.616371117522538,0.34887317761711195,8.075555555555555,3.9344262295081966,4,0.13423479896122503,0.9767171129220024,1.281196581196581,0.0,0.10122345018267498,-0.019892728751704114,Industrials,0.01936531340487563,0.0,0.0817228164872561,现金仅撑4个月,,,,,,,,,,,,,,generic,2026-10-09 01:34 UTC
WAT,Waters Corporation,42134495232.0,0.5928260511056505,61.488199409199666,22.661020269653786,-4938000192.0,-0.11719613976174381,3.771914008352341,0.24863783709032367,11.854057629263243,6.023041766460932,4,0.17054067152225738,0.9643807858120877,0.8400025520167935,0.6427535036855014,0.021229912681812513,0.0025034280333813275,Healthcare,0.015607473078271527,0.09257582072892456,0.031877463726727284,现金仅撑6个月,,,,,,,,,,,,,,generic,2026-10-09 01:34 UTC
WBD,"Warner Bros. Discovery, Inc. - ",77595885568.0,0.44002037752037754,37.85073257837613,7.238098116006966,-28611998976.0,-0.36873087750156935,4.109200475168591,0.22939986488263658,1.7860911270983213,2.7103695383392927,4,0.0827970827970828,0.9669937794937795,3.0,0.13340125840125838,0.0331793709721504,0.00681219912966502,Communication Services,-0.06791919392918706,0.0,0.0,利息覆盖1.8x过低; 现金仅撑3个月; 债务/EBITDA=4.1过高,,,,,,,,,,,,,,generic,2026-10-09 01:34 UTC
WDAY,"Workday, Inc.",45262209024.0,0.7570142378559463,42.56411512132357,37.80160332552464,-368999936.0,-0.00815249507164664,2.378310214375788,0.3804725920594938,9.850877192982455,6.5790238066698885,4,0.29072445561139026,0.9830402010050251,3.0,1.0,0.15396978072353007,-0.006012688955708723,Technology,0.012333688788896527,0.6191165821868212,0.23551919665242027,现金仅撑7个月,,,,,,,,,,,,,,generic,2026-10-09 01:34 UTC
WDC,Western Digital Corporation,147225083904.0,0.4885053022679774,8.930119979169918,4.582874310344747,388000000.0,0.002635420471235733,0.2381047769846884,2.0487404490847045,61.03030303030303,11.067757457943927,2,0.2717702608561034,0.9676445545320845,0.3776080877608088,0.29501767422659125,0.2735046294980865,0.03884425741322772,Technology,0.014734241900072458,0.0,0.4729372876287641,现金仅撑11个月,,,,,,,,,,,,,,generic,2026-10-09 01:34 UTC
WEC,"WEC Energy Group, Inc.",33761253376.0,0.4217814103937715,21.655304956065642,9.770933865773106,-22973200256.0,-0.6804605267507945,5.806315191972245,0.1651169016641535,2.8696235057535473,0.34118048447628796,2,-0.10394791889878675,0.5512188651136213,-0.6535574517225894,0.07260470131257155,0.006991111598761979,0.01048562006254028,Utilities,0.04316560714644482,0.05421131057972043,0.12822884357956432,利息覆盖2.9x过低; 现金仅撑0个月; 债务/EBITDA=5.8过高,,,,,,,,,,,,,,generic,2026-10-09 01:34 UTC
WELL,Welltower Inc.,160716374016.0,0.3917691684065901,74.46298348132753,9.302653154998508,-17755640320.0,-0.11047810422995451,5.903345602978617,0.16251321874655233,0.26371452017393837,6.167014972984296,4,0.2669768155201171,0.9968314831647408,3.0,0.0,0.22688873316084646,0.12398256168581434,Real Estate,0.003686358988792382,0.015588222932078009,0.11516647437053784,利息覆盖0.3x过低; 现金仅撑6个月; 债务/EBITDA=5.9过高,,,,,,,,,,,,,,generic,2026-10-09 01:34 UTC
WM,"Waste Management, Inc.",83980165120.0,0.4043802571020473,48.08825324546495,18.7738676739045,-22799000256.0,-0.27148077434025414,3.0043735363313853,0.30727880153772624,4.756578947368421,1.1967770814682184,4,0.11172829709569909,0.8719647674972226,1.0398818316100442,0.014600857006824194,0.08563152473174229,-0.00405726378840221,Industrials,0.029757026512500385,0.013838310269482883,0.14770187503416066,现金仅撑1个月,,,,,,,,,,,,,,generic,2026-10-09 01:34 UTC
WMB,"Williams Companies, Inc. (The)",88483930112.0,0.619581589958159,16.922773626652255,11.623072596424896,-30590000960.0,-0.345712503064457,4.378359340283662,0.21605928288591184,3.513869625520111,0.8130841121495327,4,0.07523012552301256,0.581673640167364,0.34339190221543164,0.7319386331938634,0.029089364281741803,0.0010934945836171828,Energy,0.028454319296318736,0.30009436929852157,0.08891694020543828,现金仅撑1个月; 债务/EBITDA=4.4过高,,,,,,,,,,,,,,generic,2026-10-09 01:34 UTC
WMT,Walmart Inc.,877154926592.0,0.24926699786724774,75.33968519109328,64.50712642067072,-63563000832.0,-0.07246496474569276,1.7038095689502146,0.5118206072341542,11.528403001071812,0.9351439353805181,4,0.020925090056550886,0.9626424814523468,0.6816333988032705,0.0,0.05272290929168877,-0.005420272777665658,Consumer Defensive,0.019529047242036243,0.0,0.1761549920061909,现金仅撑1个月,,,,,,,,,,,,,,generic,2026-10-09 01:34 UTC
WSM,"Williams-Sonoma, Inc.",28146552832.0,0.46152631239163316,34.47073759060011,16.02366821529811,-499009984.0,-0.01772899107675709,0.9206157820447701,0.8542512542016584,759.1002680965147,5.644890183415481,4,0.13519609018580686,0.9667677578157343,0.9696941577693519,0.20508770797211048,-0.03451718232113232,-0.03569131401522041,Consumer Cyclical,0.038116159602332646,0.15794074673021818,0.050758594174509675,现金仅撑6个月,,,,,,,,,,,,,,generic,2026-10-09 01:34 UTC
WST,"West Pharmaceutical Services, I",25565401088.0,0.35912950131745874,34.384077840708756,23.06299074944116,119300000.0,0.004666463068165888,0.3469633852225389,1.6751446148195759,1202.8,11.176747168198334,4,0.15253244852151848,0.9069971699033863,0.9497670650192425,0.0,0.021163814176677676,-0.00933834117426613,Healthcare,0.021178036602529052,0.16970003370407818,0.03580534133743385,现金仅撑11个月,,,,,,,,,,,,,,generic,2026-10-09 01:34 UTC
WTW,Willis Towers Watson Public Lim,27662833664.0,0.42058096415327567,51.61412133858039,20.34968430672843,-5440000256.0,-0.19665376013447008,2.521662,0.36079435371268215,8.511538461538462,10.915662230010954,4,0.1592501030078286,0.9764112072517511,0.9632398753894081,0.06860321384425216,0.030704123618950474,-0.03787489152492596,Financial Services,0.032272543400418574,1.0,0.15079120355933717,现金仅撑11个月,,,,,,,,,,,,,,generic,2026-10-09 01:34 UTC
WY,Weyerhaeuser Company,13816509440.0,0.14844315713251266,11.31822979980149,9.657131909294659,-4921999936.0,-0.3562404786371282,7.9200580465116275,0.12239815118902005,1.9523809523809523,10.941176470588236,3,-0.055177407675597395,0.8634322954380883,-1.1759259259259258,0.0,-0.12148651794619336,-0.005609602213479503,Real Estate,0.06222628108304611,0.5537234042553192,0.2926199333413334,利息覆盖2.0x过低; 现金仅撑11个月; 债务/EBITDA=7.9过高,,,,,,,,,,,,,,generic,2026-10-09 01:34 UTC
WYNN,"Wynn Resorts, Limited",7752904192.0,0.4142669493258824,25.899680068114634,2.9548081298887716,-10241740544.0,-1.321019877243957,6.823096641794187,0.14138079127762862,1.8218928441258657,14.401591472621542,3,0.09691375251403629,0.9074114546470374,2.1133246164468096,0.04755649775294135,0.23855981362120016,-0.028376007550890203,Consumer Cyclical,0.03658467755769218,0.34674042763801244,0.4342925615207014,利息覆盖1.8x过低; 债务/EBITDA=6.8过高,,,,,,,,,,,,,,generic,2026-10-09 01:34 UTC
XEL,Xcel Energy Inc.,45823172608.0,0.47201581566568956,22.420903222767315,12.02811450482411,-39632999296.0,-0.8649117256687003,6.802384550393244,0.1417960113851477,2.32017870439315,5.986650185414092,0,-0.4652668893585111,0.25639102869997954,-3.3820614469772052,0.24005271888563182,-0.014155451358960125,0.043019473669080766,Utilities,0.04070538755481887,0.0,0.12572997963676413,利息覆盖2.3x过低; 现金仅撑6个月; 债务/EBITDA=6.8过高,,,,,,,,,,,,,,generic,2026-10-09 01:34 UTC
XOM,ExxonMobil Holdings Corporation,692857143296.0,0.21994103209274324,38.03527940522805,12.150908205081771,-31779999744.0,-0.04586804083857596,0.6236365909888123,1.1446407010816309,69.43781094527363,3.406144525012064,4,0.07289791759929609,0.9124496380111452,0.8186104562473998,0.0,-0.06688991546295975,0.007859027662536988,Energy,0.055665876253400914,0.3539648367420165,0.017320821132323694,现金仅撑3个月,,,,,,,,,,,,,,generic,2026-10-09 01:34 UTC
XYL,Xylem Inc.,23813320704.0,0.38461538461538464,64.10679111806684,8.025163485278243,-1779000064.0,-0.07470608934020595,1.544489415571284,0.5572615760910717,41.724137931034484,7.125174499767334,4,0.10071942446043165,0.9633646928610957,0.9508881922675027,0.0,0.1783579915890725,0.10568476037487806,Industrials,0.029510793926441212,0.0,0.333180778694081,现金仅撑7个月,,,,,,,,,,,,,,generic,2026-10-09 01:34 UTC
XYZ,"Block, Inc.",45197811712.0,0.428208016117265,22.141595039387347,8.960899145498763,-433136128.0,-0.009583121651108665,4.632902945239819,0.20479620652195574,84.06900739759303,11.054833170797332,3,0.10021938371268235,0.9935917983219008,1.8570842103005738,0.09402672039088326,0.1133377071512014,0.0011199994190105311,Technology,0.020309102702781752,0.54932177489699,0.11337649133985028,现金仅撑11个月; 债务/EBITDA=4.6过高,,,,,,,,,,,,,,generic,2026-10-09 01:34 UTC
YUM,"Yum! Brands, Inc.",39024857088.0,0.4616508400292184,45.72672618611681,31.090448561752414,-12730999616.0,-0.3262279625340316,4.3722293402868315,0.21634582068096717,5.145708582834331,6.49445324881141,4,0.1995373752130509,0.9548332115899684,1.0513149454778705,0.20550280009739463,0.06281386051452831,-0.004100731104873856,Consumer Cyclical,0.03822563646129809,0.06950532247964934,0.1496194286048208,现金仅撑6个月; 债务/EBITDA=4.4过高,,,,,,,,,,,,,,generic,2026-10-09 01:34 UTC
ZBH,"Zimmer Biomet Holdings, Inc.",16952765440.0,0.6970539998785155,55.519254137695334,40.78668314494517,-7137199840.0,-0.42100504871965005,3.010574270367031,0.3066944400218903,3.837431693989071,1.2721380317692168,4,0.17253234525906577,0.9663609305715848,2.014182385477237,0.9901799995950515,0.058543208193682306,-0.022042834801630273,Healthcare,0.04223942120442622,0.21984952423102455,0.14522028867109793,现金仅撑1个月,,,,,,,,,,,,,,generic,2026-10-09 01:34 UTC
ZBRA,Zebra Technologies Corporation,18202626048.0,0.48054114158636024,44.44470147552955,6.772063363606904,-2804999872.0,-0.15409863744952323,2.5016890810810812,0.3634131511715418,6.185185185185185,1.0507529280535417,3,0.1540029651593773,0.9840622683469237,1.9832935560859188,0.2684704719545341,-0.02271104500520582,-0.012188777827621622,Technology,0.023430685159126333,0.36069114470842334,0.010128152488449449,现金仅撑1个月,,,,,,,,,,,,,,generic,2026-10-09 01:34 UTC
ZTS,Zoetis Inc.,30198382592.0,0.7183901975282561,54.4952823840091,28.7359532161363,-7579000064.0,-0.2509737083074042,2.276192905890972,0.3958525881646027,16.135135135135137,6.277153558052435,4,0.2411534805112496,0.9344037181789373,0.8540965207631874,1.0,0.054225876815096274,-0.028762308990725405,Healthcare,0.07961519106777995,0.0,0.5046431069223996,现金仅撑6个月,,,,,,,,,,,,,,generic,2026-10-09 01:34 UTC
